model,split,exposure_share,cost_share
glm,validation,0.0,0.0
glm,validation,0.005003838409376503,0.006722412615004191
glm,validation,0.010000428791321448,0.008130328594912917
glm,validation,0.015007236482066663,0.009975936167972758
glm,validation,0.020025148715998375,0.010585869175770412
glm,validation,0.025004479155233482,0.012691350557576897
glm,validation,0.030003404412362718,0.014439780189753155
glm,validation,0.03500096067892515,0.01544233271137275
glm,validation,0.04000245040804739,0.017416341520357412
glm,validation,0.04501107362745856,0.019295696774949175
glm,validation,0.05002028024431391,0.020491993435343032
glm,validation,0.055032914155252424,0.021955206101330404
glm,validation,0.06000902033212028,0.02305868948508308
glm,validation,0.06501067473973635,0.0266830470964589
glm,validation,0.0700079881269435,0.029534672332327896
glm,validation,0.075002673931774,0.030675103478220538
glm,validation,0.0800118422999119,0.031484753323229434
glm,validation,0.08501563025442282,0.03314760457044684
glm,validation,0.09000861750268929,0.0364798048357087
glm,validation,0.09500609685379818,0.03802246667625552
glm,validation,0.10000352498715742,0.03953058481206368
glm,validation,0.10501280618901138,0.04341450236679914
glm,validation,0.11000041184274785,0.04508477699322351
glm,validation,0.11500030287998998,0.05049829184695428
glm,validation,0.12000896254018742,0.05242634167548937
glm,validation,0.12500505899115524,0.054387480320682295
glm,validation,0.1300019283797274,0.056176773038445586
glm,validation,0.13500051322327244,0.05675740296785926
glm,validation,0.14001350253376818,0.05845060070654346
glm,validation,0.14501249111029074,0.05992835383871724
glm,validation,0.15000449950490755,0.060978652606421824
glm,validation,0.15500230831750927,0.061931040519698353
glm,validation,0.16000339111581074,0.06350513517936512
glm,validation,0.1650106811584135,0.0679790329910758
glm,validation,0.17000734824680244,0.07009784818232612
glm,validation,0.17500066432953362,0.07159048762163552
glm,validation,0.1800014944772913,0.07306612784231659
glm,validation,0.18500787048005404,0.07591603817829623
glm,validation,0.1900104639981859,0.07793784372109569
glm,validation,0.1950116364719638,0.08056872818759678
glm,validation,0.20000821676920622,0.08260736044928103
glm,validation,0.20500624297246897,0.0845434428756295
glm,validation,0.21000728731304366,0.0859571859810209
glm,validation,0.21503167293337613,0.08805865274684502
glm,validation,0.2200229196559945,0.09939159475090656
glm,validation,0.22501019404030737,0.10134268213055574
glm,validation,0.230005781992344,0.10296064978596861
glm,validation,0.23501338810938904,0.1047158641275697
glm,validation,0.240003937001926,0.11172316469705683
glm,validation,0.2450172805310766,0.11462816640234727
glm,validation,0.25000004963450606,0.12023070395065258
glm,validation,0.25500166558439585,0.12273365671711614
glm,validation,0.2600039416381744,0.1249887534374531
glm,validation,0.2650069921239745,0.12741093425083613
glm,validation,0.27001039821834105,0.1305174198638813
glm,validation,0.2750340090931385,0.13175546062074742
glm,validation,0.28003196898817473,0.1334531130601255
glm,validation,0.2850272397893716,0.13623008629722955
glm,validation,0.29001028821294283,0.13951334207428553
glm,validation,0.2950013327398834,0.14228206561633805
glm,validation,0.3000125439030425,0.14369573803890773
glm,validation,0.3050120410830016,0.14561967732477382
glm,validation,0.31000085178034453,0.149121334606383
glm,validation,0.31500683573375543,0.15202939755102443
glm,validation,0.32000295746440915,0.15785086756650815
glm,validation,0.3250073791667259,0.15947427948211934
glm,validation,0.33000190168297583,0.16105931483283684
glm,validation,0.3350053194609672,0.16608308292457213
glm,validation,0.3400111371369627,0.167897951884797
glm,validation,0.3450060390470471,0.16973963319540167
glm,validation,0.35004781232527515,0.17206489776263392
glm,validation,0.35501324477955076,0.17529168553827956
glm,validation,0.36000610389461535,0.17735474881242072
glm,validation,0.3650037480287233,0.17985292039087086
glm,validation,0.37001719260346105,0.1840181227591049
glm,validation,0.3750059516650359,0.18679642887227607
glm,validation,0.38000105778773957,0.18974583874324857
glm,validation,0.3850064186005718,0.19127345860615952
glm,validation,0.39001212153041476,0.19351706431919077
glm,validation,0.3950023396760512,0.19549537636567996
glm,validation,0.4000030931173655,0.19749076588677864
glm,validation,0.40501346781451797,0.19927181816557413
glm,validation,0.41000698703347027,0.201353569472906
glm,validation,0.41500605360184506,0.20290200206097053
glm,validation,0.4200132669380044,0.20444877865149716
glm,validation,0.4250097042205757,0.20934605983372973
glm,validation,0.4300011156216884,0.2125362364321008
glm,validation,0.4350068701872999,0.2133859684858089
glm,validation,0.4400020779826185,0.21643871075192928
glm,validation,0.4450005482158681,0.2224599304216486
glm,validation,0.4500297820701343,0.2239878826621142
glm,validation,0.455013109604837,0.22600705863565254
glm,validation,0.4600014127751419,0.22878315591064435
glm,validation,0.46500021170699923,0.23122046368934174
glm,validation,0.470008186715157,0.25085716468899993
glm,validation,0.475002835974697,0.25380154345769657
glm,validation,0.48000748557039513,0.2569279675167073
glm,validation,0.48504058956782675,0.26390070671075033
glm,validation,0.4900005512746186,0.26705528356936753
glm,validation,0.4950112304670913,0.26897153020813425
glm,validation,0.5000038986520815,0.27092991474766587
glm,validation,0.5050000071001878,0.27193849466276304
glm,validation,0.510015964720159,0.2759228415681821
glm,validation,0.5150193079131503,0.29599266670436747
glm,validation,0.5200200861116252,0.298321759924444
glm,validation,0.5250133887028011,0.29987150603494583
glm,validation,0.5300003077920614,0.3069430303626049
glm,validation,0.5350352900105236,0.31250146267160694
glm,validation,0.5400032243489318,0.3152266691564085
glm,validation,0.5450079753037311,0.31698436917724077
glm,validation,0.5500048336357077,0.3203572238454731
glm,validation,0.5550038732209706,0.32384221681039504
glm,validation,0.5600108075505016,0.32547498915111367
glm,validation,0.5650076385858526,0.331255064276923
glm,validation,0.5700054990342227,0.33416179182111094
glm,validation,0.5750072550099504,0.3392816717211686
glm,validation,0.5800111060748452,0.3419700667607007
glm,validation,0.5850042593915179,0.3442592267108809
glm,validation,0.5900002545878887,0.3460605582278182
glm,validation,0.5950696815842483,0.34809188659792284
glm,validation,0.600006368633024,0.34981842475045183
glm,validation,0.6050018440648589,0.3530497294949915
glm,validation,0.6100029021059983,0.35538115188233665
glm,validation,0.6150064611952331,0.3575433309847243
glm,validation,0.6200026841804829,0.3838942639042325
glm,validation,0.6250044398426946,0.3893672701329272
glm,validation,0.630001347479984,0.391345163972721
glm,validation,0.6350042069312066,0.3938193294771069
glm,validation,0.640002866150741,0.4018222379809777
glm,validation,0.6450019695779201,0.4118955304798128
glm,validation,0.6500087760877623,0.4144686797028853
glm,validation,0.6550018382345419,0.41688485584226914
glm,validation,0.6600036702896835,0.4207141069660865
glm,validation,0.6650110871800816,0.4275642484887469
glm,validation,0.6700128962859941,0.43022566372692866
glm,validation,0.6750060095460187,0.4325455294729195
glm,validation,0.6800017504929248,0.43857518900813935
glm,validation,0.6850094580735746,0.4423784852315215
glm,validation,0.6900249339687166,0.44555504108185096
glm,validation,0.6950050137692976,0.4480979338499083
glm,validation,0.7000070236809763,0.45164600450153536
glm,validation,0.7050054421426015,0.4633905855887017
glm,validation,0.7100105616749987,0.46501784466932455
glm,validation,0.7150555957608841,0.46839451116115804
glm,validation,0.7200220689982899,0.47136036151988236
glm,validation,0.72501072819518,0.47449480134746325
glm,validation,0.7300129027853532,0.477176141568216
glm,validation,0.7350085155990557,0.4827999832555785
glm,validation,0.7400023787429496,0.4884620256422425
glm,validation,0.745006179112619,0.5042421801684214
glm,validation,0.7500127073787194,0.5070191121738794
glm,validation,0.7550082709916134,0.5111337670684857
glm,validation,0.7600092788914019,0.5139960325934131
glm,validation,0.7650065692248739,0.5168696477600024
glm,validation,0.7700058120508623,0.5229079735140448
glm,validation,0.7750086980671768,0.5297974365636087
glm,validation,0.780007040135872,0.5334141377107583
glm,validation,0.7850025517994832,0.5399402489834731
glm,validation,0.7900062115162851,0.5435103550047774
glm,validation,0.7950005948427344,0.5476611473334603
glm,validation,0.8000115899006393,0.5507966431960566
glm,validation,0.8050020143803412,0.5606677222394412
glm,validation,0.8100039232464333,0.5656409941867409
glm,validation,0.8150181059169104,0.569901643608188
glm,validation,0.820010089449861,0.5743045295864532
glm,validation,0.8250108443855929,0.5789400419871469
glm,validation,0.830001558061128,0.5844206659728087
glm,validation,0.8350029218829984,0.5889778432948474
glm,validation,0.8400115447888964,0.5959511866587239
glm,validation,0.8450011051610995,0.6234265158211358
glm,validation,0.8500039275445075,0.6278203013861022
glm,validation,0.8550056341417654,0.6335090955378703
glm,validation,0.8600006008656601,0.6388038093975004
glm,validation,0.865007040083311,0.6455163390393935
glm,validation,0.87000528291435,0.6490563316542505
glm,validation,0.8750033592589646,0.6592880487590063
glm,validation,0.8800293319920569,0.6742021022680095
glm,validation,0.8850050972328172,0.6798691967935035
glm,validation,0.8900050657393878,0.6849197082357213
glm,validation,0.8950009828394028,0.6893572717112092
glm,validation,0.900006649537468,0.6954343148223215
glm,validation,0.9050057286568557,0.6992820082723776
glm,validation,0.9100031718806932,0.7039199819498998
glm,validation,0.9150025696139881,0.709016587006513
glm,validation,0.9200059770982681,0.716906569605109
glm,validation,0.9250020470886489,0.7217966798467833
glm,validation,0.9300031696300869,0.727596966893761
glm,validation,0.9350112992320365,0.7357811743110071
glm,validation,0.9400058485223914,0.7425597629400505
glm,validation,0.9450040907264055,0.747747526117229
glm,validation,0.9500042491911582,0.7507770347715507
glm,validation,0.955002707186909,0.7575703944274133
glm,validation,0.9600106704069414,0.7884758607948416
glm,validation,0.9650101328495423,0.8042048249703
glm,validation,0.9700054430803631,0.8122095939470138
glm,validation,0.9750057920571684,0.8274697652462933
glm,validation,0.9800068246096185,0.8362075487429322
glm,validation,0.9850012478882139,0.845137586148853
glm,validation,0.9900019532051166,0.9652123158314045
glm,validation,0.9950007799874753,0.9792664707408385
glm,validation,1.0000000000000908,0.9999999999999972
boost,validation,0.0,0.0
boost,validation,0.005001183948392984,0.0005936877392678729
boost,validation,0.01000456347766608,0.0011016128133630764
boost,validation,0.015003526774503312,0.002365359397863947
boost,validation,0.020021287716992155,0.0028887286685092156
boost,validation,0.025006024612423534,0.00982251910338733
boost,validation,0.030008883854636053,0.010706902568991056
boost,validation,0.03500360961161049,0.011676700334431734
boost,validation,0.04000814435665193,0.020162565205618304
boost,validation,0.04500625724655639,0.021310282572385247
boost,validation,0.05000444652939081,0.0225408402062308
boost,validation,0.055003434896903645,0.04079812639092224
boost,validation,0.06000170067717274,0.0420683143682852
boost,validation,0.06500383722763681,0.042741339367644765
boost,validation,0.07000222933317791,0.04399087533912736
boost,validation,0.07500294463027866,0.04848353186685037
boost,validation,0.08001156583274927,0.04942067837595825
boost,validation,0.08501209019977736,0.050782747289885154
boost,validation,0.0900025126625367,0.05405948846687079
boost,validation,0.0950045477493951,0.05564056053079785
boost,validation,0.10000436270722111,0.056567049080142026
boost,validation,0.10500091504945794,0.057542599922395
boost,validation,0.11000797622678449,0.05854055385329071
boost,validation,0.11500202710290734,0.059425879756517634
boost,validation,0.12000972279092308,0.06357218709186879
boost,validation,0.12500357073983462,0.06526809097287103
boost,validation,0.13000348674324785,0.06617248945749732
boost,validation,0.13500323775465276,0.06811075295377374
boost,validation,0.14001585754700768,0.06972551884565426
boost,validation,0.14501254949706296,0.07407312075977333
boost,validation,0.15000684283452229,0.07565633182052019
boost,validation,0.15500935995972398,0.07700733634845837
boost,validation,0.16000089959854405,0.07817839924149125
boost,validation,0.16500679217305117,0.07982828944700326
boost,validation,0.17000622582460703,0.08089356539975713
boost,validation,0.17502407505265988,0.08210313275993258
boost,validation,0.180008012445394,0.08355058483959639
boost,validation,0.1850121913728595,0.08503472887690244
boost,validation,0.19000862855092585,0.08726887739667744
boost,validation,0.19500759184776328,0.09315052373732627
boost,validation,0.2000131554833014,0.0950588496927474
boost,validation,0.20500866714691265,0.12185717121537952
boost,validation,0.21000831561831365,0.12302380296865911
boost,validation,0.2150054645360367,0.12600366283094455
boost,validation,0.22000356553330733,0.12937525867178018
boost,validation,0.22500339175673956,0.1307444362580649
boost,validation,0.23000663157368978,0.1323908882491766
boost,validation,0.23506560178874764,0.1344813991776311
boost,validation,0.2400055740888296,0.13779828651444043
boost,validation,0.24500537545059628,0.1395197901988448
boost,validation,0.2500010385101556,0.1412857458049638
boost,validation,0.2550088237691437,0.14343375636744124
boost,validation,0.2600046034872906,0.14441018148888218
boost,validation,0.2650117922752979,0.14595368310866824
boost,validation,0.27000122600871485,0.14723586612917283
boost,validation,0.2750260434215352,0.14909903333466196
boost,validation,0.2800093840297751,0.15116109106151768
boost,validation,0.28500259906691977,0.1526389308642943
boost,validation,0.29000103070658645,0.15424057415373404
boost,validation,0.2950080017904186,0.15603438468185352
boost,validation,0.300003133192807,0.15693491580637609
boost,validation,0.30500242765456403,0.15913900477328205
boost,validation,0.31000375312321204,0.16131352980853336
boost,validation,0.315006271951841,0.1657825833225684
boost,validation,0.3200021638766766,0.16752774134985274
boost,validation,0.32501324850555413,0.1706243927945923
boost,validation,0.33000435593386895,0.17257664475787585
boost,validation,0.3350042584457276,0.17368483191512288
boost,validation,0.340005101562518,0.175324932549824
boost,validation,0.3450017170151394,0.17978797465816254
boost,validation,0.3500119374320143,0.18172911511357617
boost,validation,0.35500236020828874,0.18449324763806424
boost,validation,0.36000490209065283,0.1858226476249529
boost,validation,0.36500128964989154,0.18798701537042778
boost,validation,0.3700016743045976,0.18931475683539212
boost,validation,0.37500907780794546,0.19693771656269995
boost,validation,0.3800028756155063,0.19831902803338325
boost,validation,0.38500389498991044,0.20148411223003682
boost,validation,0.39000136105847377,0.2049794518137219
boost,validation,0.39500511097327734,0.2078155714263029
boost,validation,0.4000133900587382,0.20924783090660354
boost,validation,0.40500853272673204,0.21684991227470904
boost,validation,0.41000965366924624,0.2181614833612761
boost,validation,0.4150248502442473,0.2193220380748104
boost,validation,0.4200107920787804,0.2215630461941428
boost,validation,0.42501405814731025,0.22312296558220215
boost,validation,0.4300061944661211,0.22813424385104364
boost,validation,0.43500923156487054,0.22962638093744142
boost,validation,0.4400083480655869,0.23415906582028517
boost,validation,0.4450135942367713,0.23681201594910145
boost,validation,0.4500023301401057,0.23936322909503194
boost,validation,0.4550089224571317,0.24100644229827606
boost,validation,0.4600014274580465,0.24271753541279278
boost,validation,0.46500996079297136,0.2455141382792485
boost,validation,0.4700057763248766,0.24909836403565738
boost,validation,0.47500608660359195,0.25241592959097053
boost,validation,0.48000425262368235,0.2545588013440151
boost,validation,0.48501608480597286,0.25799719497578094
boost,validation,0.4900108870603813,0.2597578948092263
boost,validation,0.49500808677783426,0.2614692799111138
boost,validation,0.500017851303439,0.2640975541619836
boost,validation,0.5050077538971561,0.2670081818832996
boost,validation,0.5100056902159323,0.2696057789480722
boost,validation,0.5150044892522947,0.2735899912195451
boost,validation,0.5200083774895079,0.2772230243058273
boost,validation,0.5250065180209024,0.2790660368095747
boost,validation,0.5300190239031426,0.2813241484888437
boost,validation,0.5350092185770232,0.2885997694642754
boost,validation,0.5400009604115215,0.28980526246465477
boost,validation,0.5450029951848656,0.29398367326447034
boost,validation,0.5500049538787939,0.29640582546813976
boost,validation,0.5550269788217342,0.2994680198787435
boost,validation,0.5600013199248008,0.30059569361677435
boost,validation,0.5650138141234164,0.3042726114792729
boost,validation,0.5700117124024846,0.3072358692930713
boost,validation,0.5750098765101396,0.30886445031075327
boost,validation,0.5800005151826572,0.313141235610649
boost,validation,0.5850117279447371,0.3149657721296711
boost,validation,0.5900113018311393,0.31692263362268663
boost,validation,0.5950011424953757,0.32081380458127207
boost,validation,0.6000191458992,0.325079216678565
boost,validation,0.6050033493295286,0.3299203512979336
boost,validation,0.6100011962863431,0.33326130361115874
boost,validation,0.6150056316892242,0.33540744107886
boost,validation,0.6200113980429629,0.33778525411674465
boost,validation,0.6250051715113822,0.3402848982539811
boost,validation,0.630009784770799,0.3418159041606383
boost,validation,0.6350024164104991,0.3449002130383627
boost,validation,0.6400048700072987,0.34676328600008954
boost,validation,0.6450058015141579,0.35085631447563026
boost,validation,0.6500025712470556,0.354477466116163
boost,validation,0.6550132253688523,0.3577624376345705
boost,validation,0.6600016300027616,0.3603285530754176
boost,validation,0.6650041991085981,0.3678712398367077
boost,validation,0.6700013362381915,0.37056935039838046
boost,validation,0.6750160124216268,0.3757087151962974
boost,validation,0.68000373111809,0.3797873622420005
boost,validation,0.6850002480959394,0.383266859617532
boost,validation,0.6900066509773087,0.40471981209974967
boost,validation,0.6950122644406843,0.40625449940337227
boost,validation,0.7000011657853974,0.4090952226554503
boost,validation,0.7050001292912443,0.41038958415784815
boost,validation,0.7100114812431241,0.41237341956197887
boost,validation,0.7150107007018628,0.41385802556201273
boost,validation,0.7200054263543336,0.4171194058472027
boost,validation,0.7250002802445106,0.41996697102813246
boost,validation,0.7300076588861912,0.42578360516056213
boost,validation,0.7350010250057706,0.4515468499660285
boost,validation,0.7400027574052397,0.4554299210098274
boost,validation,0.7450022182489159,0.46025565939598934
boost,validation,0.7500003206360984,0.4720802938275487
boost,validation,0.7550001616364947,0.47646280211659897
boost,validation,0.7600014984752523,0.4800464295934095
boost,validation,0.7650035221920011,0.4842463288124961
boost,validation,0.770001319007464,0.48805146194778154
boost,validation,0.7750129385958607,0.4909327588224623
boost,validation,0.7800033495840047,0.4945493017747252
boost,validation,0.7850185079102874,0.49849419336075684
boost,validation,0.7900081580624714,0.5004561482242483
boost,validation,0.7950057516372091,0.5057659208907576
boost,validation,0.8000049824660586,0.5119657981241208
boost,validation,0.80500525588597,0.5153845680167702
boost,validation,0.8100053129916207,0.5215555536467473
boost,validation,0.8150021992786018,0.5252351347369936
boost,validation,0.820002914575704,0.5278337028491031
boost,validation,0.8250048996257171,0.5407038355067241
boost,validation,0.8300011609641884,0.5493611659644425
boost,validation,0.8350076519221141,0.5536425624769944
boost,validation,0.8400102339656313,0.5567437443540226
boost,validation,0.8450035381557282,0.5717815979838402
boost,validation,0.8500078602023695,0.5819262868643292
boost,validation,0.8550045022200837,0.5883762146771414
boost,validation,0.8600000657284745,0.5923773866185211
boost,validation,0.8650128507218479,0.5969461836915766
boost,validation,0.8700022725626306,0.60085343583357
boost,validation,0.8750061870514234,0.6047002499556651
boost,validation,0.8800089334599202,0.6083218206443551
boost,validation,0.8850072640539989,0.6123510200074785
boost,validation,0.8900099486375197,0.6185200399818415
boost,validation,0.8950054743465626,0.6285584319959807
boost,validation,0.900004667135704,0.6339146466422214
boost,validation,0.9050036458365338,0.6393053755420248
boost,validation,0.9100015304150377,0.6455570666495716
boost,validation,0.9150014218702986,0.653613691573578
boost,validation,0.9200030133765457,0.6608633483924907
boost,validation,0.9250068517859268,0.6765863886743178
boost,validation,0.9300005621439638,0.6835077010667724
boost,validation,0.9350028895200005,0.6904018998653928
boost,validation,0.9400193956955573,0.6957917729981761
boost,validation,0.945021265999421,0.7043647241545186
boost,validation,0.9500053560735161,0.7225335995926083
boost,validation,0.9550022888859904,0.7311516152551197
boost,validation,0.9600076628768652,0.7418452816242777
boost,validation,0.9650155244242805,0.7740680418624475
boost,validation,0.9700045402016362,0.786019620117464
boost,validation,0.9750043300887903,0.8001778378112041
boost,validation,0.9800034882450797,0.8115832372807071
boost,validation,0.9850127363084974,0.8257261428874564
boost,validation,0.9900001147272333,0.8396750291973037
boost,validation,0.9950035847993726,0.8649637768545826
boost,validation,1.0000000000001015,0.9999999999999943
glm,test,0.0,0.0
glm,test,0.005026441451956202,0.0015290071975301025
glm,test,0.010009037877842407,0.0030364055489227756
glm,test,0.015003277686149842,0.0038337777702572118
glm,test,0.02000611277493366,0.004726123014043801
glm,test,0.02500259005418577,0.006057914673624289
glm,test,0.03000585563922962,0.006821627820778621
glm,test,0.03500270263756755,0.008088245010149434
glm,test,0.040008055299883924,0.010385333514967671
glm,test,0.04500494029704063,0.012774217075028639
glm,test,0.050000249138784085,0.01980749009701498
glm,test,0.05500087005837821,0.021681476424816354
glm,test,0.06000981806843824,0.02288274422744548
glm,test,0.06502711838636209,0.02446436232514644
glm,test,0.07000886276986312,0.02574532742330931
glm,test,0.07500764275659941,0.028065256795055706
glm,test,0.08000848195480774,0.030162107698580402
glm,test,0.08500471786305025,0.03274646713760407
glm,test,0.09004863987080149,0.036931569515584815
glm,test,0.09500456298918082,0.03965837185220351
glm,test,0.10000198095379241,0.04212623117710365
glm,test,0.10500995188127703,0.04437194270380841
glm,test,0.11000016298781816,0.046718233137689816
glm,test,0.11501656253484413,0.04861470669682201
glm,test,0.12000162460254395,0.05063620089658029
glm,test,0.1250203503681695,0.05253498734659508
glm,test,0.13000932780066274,0.05466238114825665
glm,test,0.13500229711898667,0.05775031577662509
glm,test,0.14000439318831856,0.05987242215572643
glm,test,0.1450132396693035,0.06164330944740347
glm,test,0.15000737794853547,0.06397405702640183
glm,test,0.15500874959079916,0.06499541081761785
glm,test,0.16000177094552168,0.06679681438969863
glm,test,0.16500817710677076,0.06962498180725472
glm,test,0.17000774368999277,0.07062284354771414
glm,test,0.17500038181144914,0.07630228542708582
glm,test,0.18000512254623072,0.07854496158158009
glm,test,0.18500040425493341,0.08197654920672978
glm,test,0.1900006592867277,0.08755274850434483
glm,test,0.19500233572557762,0.08860440563409953
glm,test,0.2000136231543778,0.09080578152373786
glm,test,0.20501304881746218,0.09204339013716024
glm,test,0.2100367320576361,0.09351374515973161
glm,test,0.21500029646631186,0.09639864542356086
glm,test,0.22000576204688102,0.09831123221757185
glm,test,0.22503437806760473,0.1000338206818456
glm,test,0.23000752643787023,0.10254449843302364
glm,test,0.23501453017503546,0.10750106257040043
glm,test,0.2400045624987051,0.11055246436004372
glm,test,0.24501508729225926,0.11203606550738207
glm,test,0.2500218241269768,0.11387480330208201
glm,test,0.25501266952068935,0.11645471377713915
glm,test,0.26000755841791134,0.11770082675629755
glm,test,0.2650076714827695,0.12069033566197315
glm,test,0.27000557239876094,0.1248270622112512
glm,test,0.27500797444756325,0.12686430840522436
glm,test,0.2800088249302708,0.13010505543950984
glm,test,0.28500047116740895,0.13171708905048202
glm,test,0.290000369575578,0.1332301237068656
glm,test,0.2950054917326641,0.13600958542595482
glm,test,0.30000930411338356,0.14375849426525716
glm,test,0.3050116813635073,0.1464346012278573
glm,test,0.31000758617956375,0.14832062067230148
glm,test,0.3150118826945459,0.1520852826465787
glm,test,0.3200224322867779,0.15391425363448544
glm,test,0.3250133294028496,0.1566453034008055
glm,test,0.33000172064860617,0.1588306316492646
glm,test,0.3350118127162175,0.16207829073846475
glm,test,0.3400365892651062,0.16532690616479104
glm,test,0.345000801370454,0.1671494233030463
glm,test,0.3500110211580621,0.169148623250039
glm,test,0.3550000617020933,0.1726461116292596
glm,test,0.3600040403250289,0.1773573467747821
glm,test,0.36500423022496353,0.17890888778467604
glm,test,0.37001033148494766,0.18402580950467975
glm,test,0.37500614818142924,0.1857491014376149
glm,test,0.3800097705994591,0.18885143625960835
glm,test,0.38500329810263617,0.1898961689762152
glm,test,0.39001964613666384,0.19141279417467175
glm,test,0.3950068822497324,0.19360985228774263
glm,test,0.4000037275417873,0.20024344103406927
glm,test,0.40500204906178416,0.204315699433699
glm,test,0.41000850715475273,0.2051358973118284
glm,test,0.4150029252225336,0.20744064982252233
glm,test,0.4200010174934582,0.2096466705065924
glm,test,0.42500174206713115,0.21071732414210417
glm,test,0.43000026546239545,0.21320340330533388
glm,test,0.435013726727204,0.21525086120249678
glm,test,0.4400125311985798,0.21732087477659007
glm,test,0.4450059702681427,0.22106010921065866
glm,test,0.45000560090502173,0.22289099572471763
glm,test,0.4550095661184563,0.22524618788906534
glm,test,0.460005484344012,0.22697488702435975
glm,test,0.4650025975120377,0.22897510509964478
glm,test,0.4700045538441163,0.23170370318261665
glm,test,0.47501054027020245,0.23556988424043016
glm,test,0.48001353850267564,0.2377771958845571
glm,test,0.4850000621012529,0.24448946950192513
glm,test,0.49000870594280727,0.24723779893021522
glm,test,0.49500148411555767,0.2487219428891829
glm,test,0.5000014443477003,0.25070621694232126
glm,test,0.5050071393867016,0.2544131887825658
glm,test,0.5100048257506845,0.26566034650774967
glm,test,0.5150099483264892,0.269938292489532
glm,test,0.5200132780698695,0.2723653848548721
glm,test,0.5250249465022525,0.27421608732061536
glm,test,0.5300066135272765,0.27635431263839544
glm,test,0.5350003473964903,0.2786584386817274
glm,test,0.5400025332916797,0.2815725728216035
glm,test,0.5450022157555983,0.283769067209112
glm,test,0.5500134149601439,0.2862009811866826
glm,test,0.5550066377714133,0.2943880454817219
glm,test,0.5600059883057038,0.2987778724502958
glm,test,0.5650030118572317,0.3028853926918935
glm,test,0.5700044101091367,0.3061749690069783
glm,test,0.5750027303415687,0.30843561593387075
glm,test,0.5800001362889237,0.3110404795831068
glm,test,0.5850114237177236,0.3272264730847675
glm,test,0.5900024084299693,0.3340776893678236
glm,test,0.5950053836747273,0.3363289563956866
glm,test,0.6000066037718405,0.3397035678124316
glm,test,0.6050018858992632,0.34201839608574963
glm,test,0.610025429192823,0.34570580864530814
glm,test,0.6150011334494793,0.349247655476795
glm,test,0.6200119513364007,0.35594432159621375
glm,test,0.6250274091198639,0.36007186217566095
glm,test,0.6300062912187845,0.3623159604776112
glm,test,0.6350102815449364,0.36439098198806674
glm,test,0.6400010886257896,0.3677454770529965
glm,test,0.6450205631984428,0.3712048944687702
glm,test,0.6500061731400205,0.37472819254279655
glm,test,0.6550022056760721,0.37716081759409514
glm,test,0.6600035277209795,0.3800513075818824
glm,test,0.6650045445505811,0.38537817001754
glm,test,0.6700238675780819,0.3904681621966796
glm,test,0.6750114578757336,0.3924541055619386
glm,test,0.6800012364656925,0.3954095276084374
glm,test,0.6850004590706261,0.399416510770725
glm,test,0.6900021497878204,0.4052068364225293
glm,test,0.6950047552088117,0.408060798324758
glm,test,0.7000068013667473,0.4140116251048212
glm,test,0.7050077154843905,0.41843142364090286
glm,test,0.7100119108890162,0.4439978009949917
glm,test,0.7150107286652123,0.4474821250039114
glm,test,0.7200005318444894,0.45063805368093485
glm,test,0.7250001903785732,0.4556241216742229
glm,test,0.7300002654446105,0.46061820825961747
glm,test,0.7350068112384354,0.4648542959547812
glm,test,0.7400119333955202,0.4684310272268056
glm,test,0.7450002864330972,0.47754035509767323
glm,test,0.7500265885665188,0.48093955654666676
glm,test,0.7550022429117799,0.48756384619779686
glm,test,0.7600078483342834,0.4924918951379216
glm,test,0.765001032832695,0.49656891621051547
glm,test,0.7700156262424755,0.5014854681911934
glm,test,0.7750031668380898,0.5037746540811712
glm,test,0.7800015397664057,0.5062618331271593
glm,test,0.7850013735661162,0.5130153994043166
glm,test,0.7900108313465575,0.5188118965676743
glm,test,0.7950006726293323,0.5229522260172588
glm,test,0.8000265166100525,0.5264480336767587
glm,test,0.8050035807638306,0.5319234259151989
glm,test,0.8100059314043132,0.5350468267717007
glm,test,0.8150003492627335,0.5386083754788725
glm,test,0.8200057630162644,0.5571555102082361
glm,test,0.8250074524458951,0.5636524587227907
glm,test,0.83000718440249,0.5678424454548014
glm,test,0.8350371489311582,0.5788084828434004
glm,test,0.8400129433277124,0.5839598041809453
glm,test,0.8450048827628975,0.5905658188570126
glm,test,0.8500092049139952,0.6690796424439935
glm,test,0.855002669965119,0.6750592106720406
glm,test,0.8600205429556002,0.6817232824266044
glm,test,0.8650106009153868,0.6865470012604471
glm,test,0.8700000490726439,0.6973913775465947
glm,test,0.8750019038756474,0.7030497581446248
glm,test,0.880030648035088,0.707460826064239
glm,test,0.8850255371416688,0.7111306832781629
glm,test,0.8900002240872469,0.7159239751911347
glm,test,0.8950025230053696,0.7212369773928966
glm,test,0.9000000958230192,0.731862409515158
glm,test,0.9050077104409179,0.7407217388832732
glm,test,0.910004340971604,0.7522206338195633
glm,test,0.9150101126363227,0.7624142264939069
glm,test,0.9200072639078505,0.7731239750390341
glm,test,0.9250015551244798,0.7811927083001639
glm,test,0.9300143443126636,0.7881785551761404
glm,test,0.9350044281493352,0.7986607240042463
glm,test,0.9400013509359534,0.8040890636955728
glm,test,0.9450122206499189,0.8104078150425009
glm,test,0.9500024203672828,0.8190291657156391
glm,test,0.9550030809919835,0.8252666369625451
glm,test,0.9600021769551259,0.8328776878087839
glm,test,0.9650063855598943,0.8402074994892722
glm,test,0.9700042129486957,0.8528237403181557
glm,test,0.9750021153616113,0.8678927463159861
glm,test,0.9800137866831656,0.9062782363051997
glm,test,0.985000386802783,0.9241344098558609
glm,test,0.9900010867138636,0.9339864713470069
glm,test,0.9950115015830108,0.9746223994118209
glm,test,1.0000000000000946,0.9999999999999958
boost,test,0.0,0.0
boost,test,0.005008719839191349,0.0005318394193987948
boost,test,0.010007905314149763,0.0011049059048874243
boost,test,0.015005208444865518,0.002012942302355964
boost,test,0.020005741454244715,0.0029505091734690026
boost,test,0.025023068591169786,0.003861664598880744
boost,test,0.030009921889690906,0.004749354591269023
boost,test,0.03500016949812783,0.0054807053281001605
boost,test,0.04001355434657854,0.006990100009477815
boost,test,0.04502925318701133,0.007705120767031808
boost,test,0.050007602527837036,0.009794083315215845
boost,test,0.05500701680174384,0.010178070733393647
boost,test,0.06001349788242705,0.011337067674540792
boost,test,0.06501325474237878,0.012431292263375244
boost,test,0.0700023954232407,0.013629335517761961
boost,test,0.07500435314756153,0.015911866023823055
boost,test,0.08000927214181565,0.016909105099453828
boost,test,0.08500630878880372,0.01869876169552297
boost,test,0.09000522659715117,0.01996339015997542
boost,test,0.09500842809713464,0.023152252577951213
boost,test,0.10000650685387792,0.02422158958630623
boost,test,0.10500538666340659,0.026013235857927086
boost,test,0.11000912391533142,0.027287478077207213
boost,test,0.11501226188505832,0.029732179974281573
boost,test,0.12001841295175764,0.031874563362230365
boost,test,0.12500513971316543,0.03328504464601884
boost,test,0.13001163559559256,0.03545574645012126
boost,test,0.13500442644508365,0.03667783312259376
boost,test,0.14001559872594796,0.03739871928777029
boost,test,0.14500746132605657,0.0384503003668589
boost,test,0.15000885989200144,0.04032667658684229
boost,test,0.15500923954526621,0.041410687571220246
boost,test,0.16000209413437397,0.043401498179109384
boost,test,0.1650066690456601,0.044457864746361986
boost,test,0.17000503929416888,0.04656049359924321
boost,test,0.1750241325491977,0.05790504370869437
boost,test,0.18000974047045312,0.05945299322588196
boost,test,0.18500567168678975,0.06080494781831077
boost,test,0.19000200901942782,0.06314241352302524
boost,test,0.19500474108221302,0.06425014375952476
boost,test,0.2000183554937759,0.07059807669766716
boost,test,0.20501277366623602,0.0719779152668195
boost,test,0.21001151331979087,0.07397236299781461
boost,test,0.21501368559612014,0.07697791669276949
boost,test,0.22000983157382506,0.07804136547830214
boost,test,0.22500394484501895,0.07958627106757929
boost,test,0.23000546813711445,0.08209615313866327
boost,test,0.23500106975818713,0.0858630605088569
boost,test,0.24000249301813084,0.09146347148665647
boost,test,0.2450215099614823,0.09393137834322293
boost,test,0.25001192252457227,0.09556074009846471
boost,test,0.25502141778043175,0.09677253046138135
boost,test,0.2600403478917723,0.10233083408663105
boost,test,0.2650081827919438,0.1172399977450978
boost,test,0.27000007029541145,0.11955687748513383
boost,test,0.275033592382365,0.12227707196950223
boost,test,0.2800014789002162,0.12450221274166177
boost,test,0.2850112280677423,0.12626202610572215
boost,test,0.2900230249528826,0.12922022780406667
boost,test,0.2950011829387758,0.13085241389092053
boost,test,0.30000613906300616,0.13298389541588468
boost,test,0.3050058323927024,0.13494530388562834
boost,test,0.31001139939766836,0.13684911633403868
boost,test,0.3150132536772715,0.13921533584497015
boost,test,0.3200048360701134,0.14096637961659644
boost,test,0.32500596634136875,0.14251561058750778
boost,test,0.33000012931459993,0.14506376610693716
boost,test,0.3350023270176882,0.14709371809139848
boost,test,0.34001047460304323,0.1491163749157147
boost,test,0.34502850094963944,0.15086587295755263
boost,test,0.35001248067908275,0.15287000764214154
boost,test,0.35501489411706266,0.15433056543765328
boost,test,0.36003372141176415,0.1552689954838265
boost,test,0.3650118041641833,0.15650517529535968
boost,test,0.3700057396993049,0.15807915410365145
boost,test,0.37501376074754594,0.16105284732267938
boost,test,0.38000702166231565,0.16780455130915076
boost,test,0.3850005242621351,0.17006496913341151
boost,test,0.3900033074192007,0.17232695835456052
boost,test,0.39503684270629513,0.1732767798398814
boost,test,0.40000397839679647,0.17862614186510306
boost,test,0.4050965905103138,0.18299513570433365
boost,test,0.4100152144592028,0.18497125712606668
boost,test,0.4150036072018822,0.18765316960638984
boost,test,0.42000030073942624,0.18929040545747236
boost,test,0.42500274151980716,0.19391197876893607
boost,test,0.4300015592960033,0.19673574190229198
boost,test,0.4350090341766498,0.19851760045318648
boost,test,0.4400038086586965,0.20006764231432506
boost,test,0.44501085102276045,0.20188298882540093
boost,test,0.45000950234738185,0.2046427268042385
boost,test,0.45500943736212746,0.2068029184062867
boost,test,0.46001119202829893,0.20959531539304527
boost,test,0.4650057747366911,0.212123318436593
boost,test,0.47000199734011333,0.2159172713249165
boost,test,0.4750005855531963,0.22323805769260643
boost,test,0.4800010168241401,0.22499708678417274
boost,test,0.48500133305182874,0.233297364853927
boost,test,0.49000340561004607,0.23517918440033617
boost,test,0.4950123033946709,0.2372180932519969
boost,test,0.500003568209505,0.24033015400355048
boost,test,0.5050023733089595,0.2441392115047937
boost,test,0.5100105602853751,0.24657870298060733
boost,test,0.5150034413794443,0.25011945468250235
boost,test,0.5200073446642247,0.25134257944656707
boost,test,0.5250035176702896,0.25448943908165883
boost,test,0.5300097359938507,0.2579653632945083
boost,test,0.5350020563279397,0.2594566446084889
boost,test,0.5400094278685471,0.26291630348512746
boost,test,0.5450001201155035,0.2645666352609114
boost,test,0.5500088018511964,0.2696172731216138
boost,test,0.5550018099010988,0.27235602301787604
boost,test,0.5600031712323889,0.2747334143716569
boost,test,0.5650100746233612,0.27735747891281515
boost,test,0.5700081419909255,0.28006534843610964
boost,test,0.5750052931577702,0.28304147717771927
boost,test,0.5800181454574871,0.2843615532321879
boost,test,0.5850038934300364,0.28704349328087747
boost,test,0.5900022023779703,0.29098430951176274
boost,test,0.5950102734422876,0.2939845425119909
boost,test,0.6000107178086924,0.29640436918681906
boost,test,0.6050017929748764,0.30043433390976687
boost,test,0.6100028718378107,0.30229764842784856
boost,test,0.6150039520929883,0.30951509619981604
boost,test,0.6200015616218939,0.31342482957283524
boost,test,0.6250029726552194,0.3159679543407025
boost,test,0.6300088961791286,0.3183008294370848
boost,test,0.6350069767468355,0.3207333556225175
boost,test,0.6400028065387763,0.32296414695916786
boost,test,0.6450020292483889,0.3258878473222053
boost,test,0.6500054604161652,0.3295230292349232
boost,test,0.6550054606674492,0.3340523939656473
boost,test,0.6600033114626842,0.33814186548291425
boost,test,0.6650034246322218,0.34104561395370164
boost,test,0.6700108500201908,0.34462899300457606
boost,test,0.6750066664026309,0.3466148137381361
boost,test,0.6800016439428277,0.3577268940727361
boost,test,0.6850107321088612,0.37496935871131537
boost,test,0.6900031673815282,0.3811875397067672
boost,test,0.695001031481584,0.3847273540842026
boost,test,0.7000057597489852,0.38890145668396614
boost,test,0.7050295064147363,0.39244113797273605
boost,test,0.7100103863198756,0.39675901815928455
boost,test,0.7150028981135795,0.40006844940201997
boost,test,0.7200028219485075,0.4027717844043487
boost,test,0.7250115186953043,0.40510990984859163
boost,test,0.7300139462755435,0.408793534134345
boost,test,0.7350056690337184,0.41186439443754175
boost,test,0.7400069909739462,0.41504979084641025
boost,test,0.745006889382115,0.42115390249715373
boost,test,0.7500103720628892,0.4242169352855429
boost,test,0.7550070393048334,0.43015945448096876
boost,test,0.760004761751992,0.45213140452366646
boost,test,0.765046382863223,0.45485762982585626
boost,test,0.7700072141728338,0.45868998925119087
boost,test,0.7750131140809483,0.4731433099702538
boost,test,0.780003312960873,0.4763246928052192
boost,test,0.7850029817012518,0.4840519975515511
boost,test,0.790003413736359,0.48995950016840684
boost,test,0.7950098329930695,0.49665328777011386
boost,test,0.8000042643656698,0.49957313901881395
boost,test,0.8050027777639989,0.5071432850636614
boost,test,0.8100050782837245,0.5115640351837025
boost,test,0.8150006279730793,0.5154407007764704
boost,test,0.8200059785103931,0.519612288000453
boost,test,0.8250028005006935,0.527607191274938
boost,test,0.8300010457090135,0.5344149959365209
boost,test,0.835005798775093,0.5401888100380826
boost,test,0.8400066764955209,0.5435598309127545
boost,test,0.8450181718919605,0.5494739575426273
boost,test,0.8500078983408411,0.5529951974955025
boost,test,0.8550013619997212,0.5577022346442566
boost,test,0.860009957112762,0.563325952299314
boost,test,0.8650022016899788,0.5792529837765897
boost,test,0.8700047314587774,0.6148706592062263
boost,test,0.875000281148132,0.6213218765539917
boost,test,0.8800011068321605,0.625050286126375
boost,test,0.8850127524861893,0.6298352875661094
boost,test,0.8900051379521398,0.6378491882969848
boost,test,0.8950069307218085,0.6473095593881114
boost,test,0.9000010711260434,0.6546737155494087
boost,test,0.9050084690669331,0.6640290815845921
boost,test,0.9100032679289367,0.6699218531874255
boost,test,0.9150009285521208,0.6763573385042759
boost,test,0.9200044609349335,0.685150091218025
boost,test,0.9250002408154842,0.6942413551544284
boost,test,0.9300119243636586,0.700393520369177
boost,test,0.9350024146306691,0.7099158461354375
boost,test,0.9400020598599368,0.7222167067532939
boost,test,0.9450096479728773,0.7316541495192264
boost,test,0.9500021980794444,0.7398571873060455
boost,test,0.9550002406483364,0.7470478642929145
boost,test,0.9600019935035469,0.7565823553138501
boost,test,0.9650071158699959,0.7677816695649939
boost,test,0.9700139813668317,0.7820933687336556
boost,test,0.9750087684209399,0.7956874623727496
boost,test,0.9800041422898682,0.8801585047982783
boost,test,0.9850039772724617,0.8922737342958967
boost,test,0.9900111342610631,0.9124573747899465
boost,test,0.9950081844222363,0.9634543990224439
boost,test,1.0000000000001168,0.9999999999999976
