model,decile,policies,exposure,recorded_cost,recorded_claims,expected_cost,expected_claims,actual_per_year_eur,expected_per_year_eur,cost_AE,frequency_AE,actual_lift,split,segment,cost_AE_lower_95,cost_AE_upper_95,valid_replicates
glm,1,13184,7162.76511490381,468656.34,295,458728.81163456966,307.4300311440474,65.42952791022712,64.04353685702704,1.0216413883620172,0.9595679345384991,0.39436524965383196,validation,1,0.7400077513152264,1.4919093874957328,250
glm,2,13026,7163.668691518827,513055.77999999997,340,592430.9795935532,357.73013760315126,71.61913847403557,82.69938283088678,0.866017810803868,0.95043711518983,0.43167206498964567,validation,2,0.6946401060395476,1.0305737639874875,250
glm,3,12722,7162.232572048806,725978.9,392,679582.221327694,385.05885024713126,101.36209522617173,94.88413207633313,1.0682723550090247,1.0180262049513051,0.6109426319589343,validation,3,0.7984682381392029,1.4713020474903529,250
glm,4,12580,7163.245670334606,639304.18,417,758374.6153424883,407.6626584639648,89.24783672401078,105.87025075562758,0.8429925884469182,1.0229045789261577,0.5379260180360786,validation,4,0.6849648919263199,0.9870964079320114,250
glm,5,12668,7162.98032262894,872756.4,414,838890.5394999491,434.27957611500545,121.84263542408883,117.11473460980575,1.0403698205015375,0.9533029476163184,0.7343855728781893,validation,5,0.6642599340922654,1.5399329706666651,250
glm,6,12786,7162.359545624672,937517.02,427,928990.2406689888,465.18357094919276,130.894995431039,129.7044967864659,1.0091785456485214,0.9179171979971684,0.788947119142063,validation,6,0.6864871571682821,1.5257894633435884,250
glm,7,13193,7162.7095433789955,1210126.66,512,1045855.7469731327,502.49333396536656,168.94816866036493,146.01398264709644,1.157068423157106,1.0189189893517845,1.0183060896254486,validation,7,0.7375243031576598,1.7878500485626956,250
glm,8,13696,7163.379697582154,1178313.69,605,1221787.3171495588,564.5866438682618,164.49130714063847,170.5601781184302,0.9644180075047896,1.0715804324644422,0.9914431217570108,validation,8,0.6956725074858132,1.3033799529952932,250
glm,9,14906,7163.438748409312,1718885.03,733,1581215.2544698054,697.3246348171258,239.95249912364918,220.73410690095236,1.0870658028001106,1.0511603396777027,1.4462725048512477,validation,9,0.7731042739261402,1.4984192882566063,250
glm,10,16925,7162.4463215809565,3619481.64,1094,3825040.6413107044,1200.8000341298757,505.3415380013734,534.0410900931413,0.9462596556254455,0.911059267909444,3.045859387336534,validation,10,0.4937262356838282,1.7397786411437715,250
boost,1,10763,7163.235120143723,672247.09,209,445225.7102555249,225.63300247780023,93.84685532791949,62.154278449342854,1.5099017745722332,0.9262829360282225,0.5656458133306673,validation,1,0.7238688481048676,2.7460233509583243,250
boost,2,11437,7162.552442548095,457439.47000000003,278,576903.0337176525,290.9584442914818,63.8654269786072,80.54433644222198,0.7929226286992966,0.9554629035667375,0.38493789973884557,validation,2,0.5674361657981262,1.0679207009433258,250
boost,3,11684,7163.204733887267,735339.85,327,653184.6310519613,327.94844975076876,102.65514910125317,91.18608993009985,1.1257764115112854,0.9971079303729304,0.6187362922610842,validation,3,0.5974053888461981,2.0733553743615363,250
boost,4,12194,7162.657314170222,621690.64,372,720729.4315300614,359.75706758293677,86.79608876025385,100.62319051676651,0.8625853375797232,1.0340311102136743,0.5231485279838518,validation,4,0.6484368613542871,1.146924537873589,250
boost,5,13023,7164.242178306759,651838.26,366,794438.5436370912,398.6777306280891,90.98495608841345,110.88940377289893,0.8205018062388566,0.9180347229914056,0.5483962068590991,validation,5,0.6569400397177507,1.0280134800837633,250
boost,6,14092,7161.015353694139,724710.69,446,879305.5014201395,443.9665330725821,101.20222541153258,122.79061808833211,0.8241853244743059,1.0045802257060792,0.6099790440900322,validation,6,0.6688037513413456,0.9927382242631618,250
boost,7,15105,7163.524721161763,998452.57,506,993911.8587627556,502.49539158032206,139.38006901134463,138.74620350323372,1.0045685250630743,1.006974409075984,0.8400894438340515,validation,7,0.7047555582954337,1.4655972709377867,250
boost,8,15631,7163.306008683285,1222521.7,569,1171989.4302638355,591.7230383770262,170.6644527705604,163.61013041229316,1.0431166599555328,0.9615985234589635,1.0286506975297391,validation,8,0.6923329002432963,1.5241860221409034,250
boost,9,15936,7162.410035930833,1449249.34,715,1505392.0105422332,757.3552534942942,202.34101827872445,210.1795349596445,0.9627056141197329,0.9440747874938809,1.219575759406129,validation,9,0.7185014167829974,1.259280023696282,250
boost,10,15821,7163.078319484991,4350586.03,1441,3255907.9642094793,1425.6058787175161,607.3626220399608,454.54032735517706,1.3362128407263822,1.0107983009275554,3.660773961258491,validation,10,0.7954164929037093,2.2460933813858195,250
glm,1,13217,7151.072504678494,443138.59,303,456547.07945113705,305.9709239559469,61.968129914790055,63.8431618687193,0.9706306533222011,0.9902901755580715,0.4212539669245943,test,1,0.7683491588062438,1.221243246345698,250
glm,2,12793,7150.773373755521,512074.94,357,589653.1381208663,357.1103710351969,71.611126969762,82.46005114425628,0.8684341808675927,0.9996909329883729,0.4868062236739075,test,2,0.7158620528450325,1.1075304222341995,250
glm,3,12674,7150.491996406917,557025.63,393,675113.8286379032,384.9818411359312,77.90032214285428,94.41501773264612,0.8250840174964928,1.0208273690011205,0.5295596264161099,test,3,0.6690667653207392,1.0312510542358124,250
glm,4,12603,7151.652071262819,594182.27,386,754446.2326574355,408.47017934595385,83.0832182661091,105.49258061490363,0.7875740434239731,0.9449894252208734,0.5647925042693125,test,4,0.6180603476329856,0.9565883380628405,250
glm,5,12536,7150.767578411558,530833.23,399,835732.3751143152,433.23984738077235,74.23444045400187,116.87310011828987,0.6351713129785002,0.9209679174531721,0.5046392809767886,test,5,0.5237366203207241,0.7853229567706185,250
glm,6,12840,7151.299794894828,936190.1,451,926856.7668075432,462.7041051820438,130.91187991703657,129.60675588921723,1.0100698765188978,0.9747049895365874,0.8899275935620209,test,6,0.7014377084765155,1.4927819944603606,250
glm,7,12997,7150.944977917508,781668.97,472,1042877.3099324256,502.8540029545046,109.30988455565448,145.8376918229528,0.7495310930205674,0.938642224635336,0.7430791046374423,test,7,0.6519484508578345,0.869417328439424,250
glm,8,13703,7150.410671457445,1182752.65,570,1214842.3427825854,560.2157203329473,165.41045044045327,169.89826159662633,0.9735853026746792,1.0174652001219062,1.1244458807235094,test,8,0.710945618176855,1.283907322998893,250
glm,9,14862,7150.971515832023,2160816.06,739,1570208.3537634863,694.2583876171433,302.17097847698346,219.5797242776167,1.3761333359492969,1.06444518810413,2.0541320764068236,test,9,0.7291864288915867,2.337451017734883,250
glm,10,17021,7150.92399580807,2820620.56,1200,3802951.090998875,1203.36500495413,394.44141227811554,531.8125452358598,0.7416925678260937,0.9972036705901562,2.6813784742249878,test,10,0.5742198952967759,0.969651547567512,250
boost,1,10744,7151.396148663822,254794.24,205,444619.3615962722,225.53762574218288,35.6286010036804,62.17238597240143,0.5730615038563275,0.9089392482757627,0.2422001362541005,test,1,0.46521131525158993,0.7095317557770235,250
boost,2,11317,7149.778136088031,487848.32,286,575431.0686858469,290.56445681061615,68.23265151929931,80.4823671075046,0.8477962809935413,0.9842910696624152,0.4638396408897934,test,2,0.5376221460433307,1.2503004442111751,250
boost,3,11776,7151.507259525413,656255.33,325,652597.5910083831,327.1605410503239,91.76461774906319,91.25315368157658,1.0056048919610092,0.9933960830258207,0.6238079042124807,test,3,0.6396921745689138,1.5558760182202116,250
boost,4,12113,7150.936340294932,480124.62,329,719333.6532810093,359.4262855646654,67.14150387474962,100.59293203711294,0.6674574695762749,0.915347633752314,0.45642211393845517,test,4,0.5385868686174617,0.8106440731517152,250
boost,5,12940,7150.991515832024,649083.2,380,792908.4173247666,397.82206480769565,90.76827997389654,110.88090589525908,0.8186105555418042,0.9552009142169862,0.6170348865215659,test,5,0.6120031611971993,1.0754977388028217,250
boost,6,13896,7150.742110936448,589861.66,411,877520.2315116301,443.38848510414016,82.48957252952209,122.71736526052842,0.6721915219936241,0.9269523539914822,0.5607569520938794,test,6,0.5800881837194051,0.8024858701266978,250
boost,7,14988,7151.576300621304,973004.89,472,989193.2696274553,500.8097049655684,136.05460518060457,138.3182151802698,0.983634765697959,0.9424737486515978,0.9248873933988123,test,7,0.7320180474940537,1.3759156444136913,250
boost,8,15483,7150.823914215136,1164188.96,555,1165137.8557114177,589.215460800676,162.80487031511245,162.9375677109372,0.9991855936130078,0.9419304769189505,1.1067333732547673,test,8,0.7403219180260185,1.3668204897809262,250
boost,9,16010,7150.702501684258,1631549.96,726,1497358.3610031225,755.1903187213262,228.16638779416553,209.40017580796274,1.089618893173294,0.9613470697416372,1.5510552942183815,test,9,0.7772791424221598,1.634265758398453,250
boost,10,15979,7150.854252563815,3632591.82,1581,3232306.8079708028,1430.1847569033825,507.99410695548676,452.01687711813105,1.1238388048566745,1.1054515805518448,3.4532998336979177,test,10,0.7994653809768942,1.6109136481290949,250
