model,driver_age,mean_annual_frequency,mean_severity_eur,mean_pure_premium_eur,sample_policies
glm,18,0.08053205450672124,4467.859791751183,354.8823963897247,2000
boost,18,0.09588995478968237,4558.111376320956,418.820009534678,2000
glm,22,0.08053205450672124,4467.859791751183,354.8823963897247,2000
boost,22,0.08084651204019509,2031.76217495275,163.69110864816543,2000
glm,25,0.06190474116517035,2026.4958315707308,123.73306451370686,2000
boost,25,0.07242429868106066,1983.1276923487073,143.39124145087155,2000
glm,35,0.07924802382282198,1921.1452276226225,150.16363751422904,2000
boost,35,0.0690649324702994,1983.1276923487073,136.6215973821148,2000
glm,45,0.09436837060680148,2013.5830188839445,187.41836244635803,2000
boost,45,0.08833607783577063,1983.1276923487073,174.47681981783103,2000
glm,55,0.08395848789240368,2083.319952204996,172.51891728763823,2000
boost,55,0.08852488225732011,1983.1276923487073,174.85092818480845,2000
glm,65,0.0817545458567489,2417.0757019005337,194.9029019279238,2000
boost,65,0.08688545565097007,1983.1276923487073,171.61957238641673,2000
glm,75,0.09464934741944714,2210.3792983781173,206.34814587809385,2000
boost,75,0.09808184881034114,2059.1493595375428,201.05216714844934,2000
glm,85,0.09464934741944714,2210.3792983781173,206.34814587809385,2000
boost,85,0.09554824190019139,2059.1493595375428,195.69390585984436,2000
glm,100,0.09464934741944714,2210.3792983781173,206.34814587809385,2000
boost,100,0.09734407959540621,2059.1493595375428,199.61531596492748,2000
