model,metric,point,lower_95,upper_95,valid_replicates,requested_replicates,split
glm,raw_gini,0.3528312830891809,0.24381469992214236,0.4755233346693558,250,250,validation
glm,normalised_gini,0.3577973327799861,0.24782778750359663,0.4811417479646533,250,250,validation
glm,top_decile_lift,3.045859387336534,1.8504789473649097,4.299529323152505,250,250,validation
glm,pure_premium_AE,0.9960756739035854,0.8062637826029315,1.2325287719417453,250,250,validation
glm,frequency_deviance,0.454795620068807,0.4445502236693614,0.46436861124035844,250,250,validation
glm,severity_deviance,1.744549966857575,1.4598076602108692,2.03853352557929,250,250,validation
glm,pure_deviance,81.20328951309217,74.8692115249782,88.10058103436187,250,250,validation
boost,raw_gini,0.38229786897217133,0.2538144571408536,0.5186120614394881,250,250,validation
boost,normalised_gini,0.38767865663187806,0.2576477110260099,0.5246131164292012,250,250,validation
boost,top_decile_lift,3.660773961258491,2.5291313148825685,4.905800878511926,250,250,validation
boost,pure_premium_AE,1.0806664075018642,0.8755810470399767,1.3344359848952576,250,250,validation
boost,frequency_deviance,0.4461845652256779,0.4355810978717532,0.4549789446686545,250,250,validation
boost,severity_deviance,1.640465260307904,1.3809792680359196,1.8937993916019513,250,250,validation
boost,pure_deviance,78.8974664999268,72.9012675637786,86.46587630483164,250,250,validation
boost_minus_glm,raw_gini,0.029466585882990448,-0.01691657334676417,0.08623007577237539,250,250,validation
boost_minus_glm,normalised_gini,0.02988132385189196,-0.01711488114439253,0.08746339311767043,250,250,validation
boost_minus_glm,top_decile_lift,0.6149145739219568,0.3515373349237279,0.9647223432271027,250,250,validation
boost_minus_glm,pure_premium_AE,0.08459073359827873,0.06790130153726306,0.10634213750192455,250,250,validation
boost_minus_glm,frequency_deviance,-0.008611054843129129,-0.01025011535237921,-0.007097435537974554,250,250,validation
boost_minus_glm,severity_deviance,-0.10408470654967106,-0.1731672619591353,-0.048285813753276674,250,250,validation
boost_minus_glm,pure_deviance,-2.30582301316538,-4.503950268404189,-0.5319415454286015,250,250,validation
glm,raw_gini,0.358995123917512,0.295380496808111,0.4307343674044757,250,250,test
glm,normalised_gini,0.3646976797402847,0.3005014447149834,0.43610365543309826,250,250,test
glm,top_decile_lift,2.681378474224987,2.0823663726595996,3.339809197074717,250,250,test
glm,pure_premium_AE,0.8862667850577602,0.7524138666481773,1.0958294433286253,250,250,test
glm,frequency_deviance,0.4610740761196312,0.4503163793934599,0.4726636185587359,250,250,test
glm,severity_deviance,1.5617130081279842,1.257881467697313,2.112125191314796,250,250,test
glm,pure_deviance,76.35326688021361,70.68603982562394,85.4882570432837,250,250,test
boost,raw_gini,0.4225037115699636,0.3485925956721742,0.52274302267476,250,250,test
boost,normalised_gini,0.42921508685067633,0.35437294110890827,0.5294479744238546,250,250,test
boost,top_decile_lift,3.453299833697918,2.5842163339080213,4.616812026738922,250,250,test
boost,pure_premium_AE,0.9609822992479299,0.8198176531445951,1.1884061035044284,250,250,test
boost,frequency_deviance,0.4484111690316085,0.4381275022241423,0.45914646595979614,250,250,test
boost,severity_deviance,1.4998391147179992,1.2032288384614076,1.9754556486462096,250,250,test
boost,pure_deviance,73.87710915230583,68.74504364531037,80.40723301206346,250,250,test
boost_minus_glm,raw_gini,0.0635085876524516,0.01886023542278462,0.10437733689909437,250,250,test
boost_minus_glm,normalised_gini,0.06451740711039161,0.019124050043804675,0.10588771722560406,250,250,test
boost_minus_glm,top_decile_lift,0.7719213594729313,-0.37571395624788706,2.3962353092184756,250,250,test
boost_minus_glm,pure_premium_AE,0.07471551419016964,0.0633327946598864,0.0920390930588001,250,250,test
boost_minus_glm,frequency_deviance,-0.012662907088022701,-0.015181599450806323,-0.009961523630078671,250,250,test
boost_minus_glm,severity_deviance,-0.06187389340998495,-0.195916890042834,0.04019258562209677,250,250,test
boost_minus_glm,pure_deviance,-2.4761577279077756,-5.743029609120412,-0.39088467859169196,250,250,test
