feature,mean_deviance_increase,repeat_std,sample_policies,repeats
Area,0.040458574992205364,0.030123700203922823,20000,3
VehBrand,0.09533328362809357,0.06722984490608412,20000,3
VehGas,0.24570782542766287,0.22759601476553087,20000,3
Region,0.5873913799591955,0.08560702869179938,20000,3
VehPower,-0.04442751727359943,0.06628199264252983,20000,3
VehAge,0.46871408940968234,0.09060370188123744,20000,3
DrivAge,0.24828729820235176,0.5986956992695177,20000,3
BonusMalus,6.4042022658427555,0.33648890202647297,20000,3
log_density,0.42651249794231677,0.035678202801990994,20000,3
