feature,segment,policies,exposure,source_claims,recorded_claims,recorded_cost,expected_claims,expected_cost,source_count_expected_cost,count_match_policies,frequency_AE,cost_AE,actual_cost_per_year_eur,predicted_cost_per_year_eur,policy_count_match_share,recorded_to_source_claim_count_ratio,source_count_premium_uplift,low_claim_volume,model,split,cost_AE_lower_95,cost_AE_upper_95,valid_replicates
Area,A,20761,12348.675211467924,991,666,1263740.92,667.4310746132612,1738257.0269129435,2705314.120883903,20463,0.9978558465919639,0.7270161434321022,102.3381778497497,140.76465670573836,0.9856461634796012,0.6720484359233098,0.5563372268877889,False,glm,validation,0.5917915231167726,0.9015605403663657,250
Area,B,15118,8650.734494348379,781,531,938486.45,533.1131042317288,1361341.8641441753,1974762.4267598514,14881,0.9960362928336305,0.6893833758576074,108.48633149163503,157.36719986419132,0.9843233231908982,0.6798975672215108,0.4505999402297898,False,glm,validation,0.5642065782145143,0.8299232054615894,250
Area,C,38478,20791.93947151733,1981,1403,2457366.36,1442.0229772777368,3153610.225309069,4348797.96645021,37933,0.9729387271266615,0.7792232344627074,118.18841447505758,151.67465399892916,0.9858360621653932,0.7082281675921251,0.37899031768391955,False,glm,validation,0.6420154565788891,0.9644582388264931,250
Area,D,30377,15484.871110861592,1649,1246,4059854.2800000003,1293.6950298002685,2864144.882760181,3735133.503636493,29998,0.9631327100270054,1.417475178869971,262.1819872399381,184.96407637201298,0.9875234552457451,0.7556094602789569,0.3041007548601866,False,glm,validation,0.7686145124768056,2.5038800878499217,250
Area,E,27449,12787.36514559473,1554,1229,2969259.52,1227.8950612104427,2535030.280953026,3282345.3732096083,27144,1.0008998641858435,1.1712915393198888,232.2026067287924,198.24492787134872,0.9888884840977813,0.7908622908622909,0.29479533158698,False,glm,validation,0.8820744622388611,1.5908611343118106,250
Area,F,3503,1565.6407942211245,217,154,195368.11000000002,158.3922241696849,278512.08789105003,403884.2940000978,3440,0.9722699507964511,0.7014708463082049,124.78475951898776,177.89015776738515,0.9820154153582643,0.7096774193548387,0.45014996317894673,False,glm,validation,0.518183398007205,0.9518843715158793,250
VehBrand,B1,32739,19183.878124111085,1680,1334,2921256.64,1418.79103606499,3099829.5249989894,3938919.9839089448,32411,0.940237121669335,0.9423926756104282,152.27664714614951,161.58513440006672,0.9899813677876539,0.794047619047619,0.2706892273084691,False,glm,validation,0.7734854293083284,1.1410544357220251,250
VehBrand,B10,3435,1868.15144172468,170,151,611401.49,157.5949333889645,320329.755423902,358388.9766779475,3418,0.9581526306262184,1.9086628065223412,327.2761920390958,171.46883719885855,0.9950509461426492,0.888235294117647,0.11881263170098122,False,glm,validation,0.7550477084892904,3.827249819569378,250
VehBrand,B11,2747,1413.4486698106145,155,141,264475.75,123.20873729486311,302348.4268326055,329985.9610627625,2734,1.1443993591344,0.8747383036539707,187.11379878792246,213.90831750056876,0.9952675646159447,0.9096774193548387,0.09140955195198819,False,glm,validation,0.509183512518527,1.3996330940753972,250
VehBrand,B12,33177,12898.192759188561,1728,804,1513358.71,852.1201154225008,1927180.0307980753,4103118.724655794,32298,0.9435289526070608,0.7852710622853925,117.33106631717038,149.41473327146306,0.97350574192965,0.4652777777777778,1.1290790995569981,False,glm,validation,0.6162999831930434,0.9833854657118449,250
VehBrand,B13,2474,1378.7531828729695,132,113,145155.26,108.04733681467205,323470.90383609827,404463.7796564346,2457,1.045837901528503,0.4487428645933167,105.28009059426685,234.61117468615194,0.9931285367825384,0.8560606060606061,0.25038689681151416,False,glm,validation,0.31902897367955274,0.5984567408109025,250
VehBrand,B14,795,442.4801369863014,37,31,35667.39,21.794976433496146,39528.514620695736,52410.92392277903,789,1.4223461123984924,0.9023205233552037,80.60788952681105,89.33398658281352,0.9924528301886792,0.8378378378378378,0.3259016794761753,True,glm,validation,0.5634390689706359,1.338433666252922,250
VehBrand,B2,31963,18856.56387304439,1746,1360,4078319.49,1370.7189472725079,3165969.2594864285,3996719.498474695,31609,0.9921800546393287,1.2881740647922684,216.28115904138775,167.89746428893162,0.988924694177643,0.7789232531500573,0.2623999700878421,False,glm,validation,0.7259376653047038,2.277004474220384,250
VehBrand,B3,10654,5724.686492252414,567,493,789036.6,481.043617051768,1089948.022202567,1279537.7178882281,10584,1.0248550911485128,0.7239213099405555,137.8305346620909,190.3943602287503,0.9934296977660972,0.8694885361552028,0.17394379532203597,False,glm,validation,0.6056048335805952,0.8276204930955766,250
VehBrand,B4,5122,2813.9071899094242,256,212,579612.46,228.93230580457504,641558.8072332893,750055.4856938251,5083,0.926037936214083,0.9034440077279402,205.98137069995434,227.995724071461,0.9923857868020305,0.828125,0.1691141595085035,False,glm,validation,0.41027042065664654,1.8656125211070493,250
VehBrand,B5,6888,3937.022560071862,432,359,574883.78,312.4925222721454,595980.5704427538,738866.9855893241,6818,1.1488274899818303,0.9646015466123652,146.0199354279308,151.37850021155975,0.9898373983739838,0.8310185185185185,0.23975012312971877,False,glm,validation,0.752293396101756,1.2069037207985087,250
VehBrand,B6,5692,3112.1417980387755,270,231,370908.07,247.80494348264003,424752.5520950395,497769.6474094289,5658,0.932184793222992,0.8732332935271178,119.18096734337125,136.48239047549572,0.9940267041461701,0.8555555555555555,0.1719050184730888,False,glm,validation,0.6801366120518414,1.1761822310047114,250
VehGas,Diesel,66307,34016.727685455495,3287,2644,5149906.56,2723.3065986949846,5812493.579519318,7242486.973795441,65714,0.9708785640467407,0.8860064083590586,151.39335586949892,170.87162625594235,0.9910567511725761,0.8043808944326133,0.24602064066183105,False,glm,validation,0.7685020422635027,1.039363391249582,250
VehGas,Regular,69379,37612.49854255558,3886,2585,6734169.08,2599.2428726081384,6118402.788451126,9207750.711144723,68145,0.9945203763918196,1.100641672808984,179.04072691105108,162.66940579681605,0.9822136381325761,0.6652084405558415,0.5049271892535316,False,glm,validation,0.7795806631045339,1.609740475720311,250
Region,R11,13898,5987.665886668164,753,485,816119.21,527.4418117953279,1005829.881460532,1547306.075965283,13644,0.9195327127160003,0.8113889088430546,136.3000583945624,167.98363510897664,0.9817239890631746,0.6440903054448871,0.5383377492409467,False,glm,validation,0.6270590781999105,1.0081165017477614,250
Region,R21,627,247.90189535144847,33,17,23664.4,15.283908500337095,160785.1157028069,347300.4361828996,611,1.1122809325654532,0.14718029026854057,95.45872961742054,648.5836482809588,0.9744816586921851,0.5151515151515151,1.1600285241878057,True,glm,validation,0.0513216830661363,0.2985979249380299,250
Region,R22,1586,695.8176959353245,93,63,287622.08,57.64959639695932,96591.25135798106,129557.76638075066,1558,1.0928090383530054,2.9777239238161566,413.35838637069406,138.81689402587298,0.9823455233291298,0.6774193548387096,0.3412991814402626,True,glm,validation,0.650201203705446,7.265278391214922,250
Region,R23,1766,647.822976270679,57,45,82759.42,46.14891041433137,72456.97697714785,102000.32568697106,1755,0.9751042786489152,1.1421870391598234,127.75005368969924,111.84687735878211,0.9937712344280861,0.7894736842105263,0.40773642432171675,True,glm,validation,0.611309946970361,1.755396465412863,250
Region,R24,32001,20395.908931057715,1789,1247,2580205.23,1297.9271895457634,3544769.066660897,5033367.259297238,31497,0.9607626760915715,0.7278909236337088,126.5060183746463,173.7980434528773,0.9842504921721196,0.6970374510899944,0.41994222039366047,False,glm,validation,0.5660559572085985,0.9225931213028934,250
Region,R25,2230,1370.156674900816,121,85,157295.13999999998,95.17192917937696,235974.00551458224,330870.2048323343,2194,0.8931204897590629,0.6665782515196564,114.80084203610248,172.22410388334904,0.9838565022421525,0.7024793388429752,0.40214683439735,True,glm,validation,0.37109463575960855,1.1807079404851695,250
Region,R26,2112,1033.4667520023954,111,76,125900.12,72.36597453868313,157027.05535917086,240837.14900697986,2078,1.050217322221983,0.8017734250446609,121.82309663669584,151.94204850317902,0.9839015151515151,0.6846846846846847,0.5337302763279146,True,glm,validation,0.5120823845396226,1.1560318840680033,250
Region,R31,5436,2273.136769219253,242,203,318918.96,188.86631532877817,381062.3787630852,488705.2416959553,5399,1.0748343326686811,0.8369206139824129,140.29906353128857,167.63724203624028,0.9931935246504783,0.8388429752066116,0.28248095044773236,False,glm,validation,0.6575345426212331,1.0626414220094293,250
Region,R41,2629,1599.0220173665693,121,87,359248.85,94.8978009784123,193817.28407733963,251050.24770906332,2597,0.9167757219136308,1.853543927778121,224.6678570390464,121.20989077845061,0.9878280715100799,0.71900826446281,0.29529339400342547,True,glm,validation,0.560708819963203,4.091555638145549,250
Region,R42,461,248.99917808219178,22,14,21887.5,16.692440175770063,26718.00208017438,39277.020207929505,453,0.8387030208034965,0.8192042179771081,87.9018965788521,107.30156736242348,0.982646420824295,0.6363636363636364,0.47005828093240254,True,glm,validation,0.2470888847538838,1.558305549334221,250
Region,R43,266,105.62640092821319,8,3,4968.889999999999,7.348066565802256,17419.82938774496,25031.92542561076,261,0.40827066183122723,0.2852433218143725,47.04212163185417,164.91927429756876,0.981203007518797,0.375,0.4369787940185563,True,glm,validation,0.0,0.6873192465162401,250
Region,R52,7698,4378.809199790404,391,308,554371.1,318.60991989260157,577933.807810134,742591.2474838127,7616,0.9666993422672526,0.9592294005096947,126.6031641722447,131.98424079263316,0.9893478825669005,0.7877237851662404,0.2849070904808062,False,glm,validation,0.7127249353704032,1.2423456726451139,250
Region,R53,8526,5638.2115832023355,571,399,642966.3,374.0857714471529,824765.9888316521,1192831.7168085484,8365,1.066600310555695,0.7795742170586034,114.0372776920185,146.28148955758232,0.9811165845648604,0.6987740805604203,0.4462668598862707,False,glm,validation,0.6321378492827576,0.930040114330162,250
Region,R54,3764,2210.314188936298,208,177,355473.42,151.64563201791734,252559.80354627437,309986.7799235464,3736,1.1671948452764336,1.4074821686138572,160.82483738253958,114.26420950037762,0.9925611052072264,0.8509615384615384,0.2273797158966755,False,glm,validation,0.8795890823191128,2.1374239308198626,250
Region,R72,6284,2880.1575110412455,281,224,424056.2,211.74101175552582,421322.97179412947,540347.7863409409,6231,1.0578961446478223,1.0064872517969565,147.23368370457405,146.28469803438327,0.9915658816040739,0.797153024911032,0.28250255152232806,False,glm,validation,0.7330952512053691,1.3803844684351336,250
Region,R73,3389,1364.9371704468897,146,67,87538.41,69.15365390597553,122660.83345790558,222376.09117067364,3314,0.9688569759610427,0.713662279410821,64.13365530322494,89.86555287211175,0.9778695780466214,0.4589041095890411,0.8129347804161797,True,glm,validation,0.511598476080024,0.9899487028433415,250
Region,R74,918,467.7483262220226,61,44,72166.36,38.25432608200764,60779.35924803612,81664.2918413698,903,1.150196709927005,1.1873497992220412,154.2845927058333,129.94030302352473,0.9836601307189542,0.7213114754098361,0.3436188346129778,True,glm,validation,0.6897053633486453,1.6646671473771966,250
Region,R82,17079,9076.145081967214,984,824,2906316.08,860.4661937718522,1744262.66889035,2073849.6651751455,16929,0.9576204224688913,1.6662146887824614,320.21481077625845,192.18100340373678,0.9912172843843317,0.8373983739837398,0.18895491038311873,False,glm,validation,0.6925490825043421,3.418365930720908,250
Region,R83,1074,483.1847795493675,38,28,29401.31,29.65456342887661,45414.737534809545,60520.912522989085,1066,0.9442054362781328,0.6473957925544422,60.84899865310439,93.99041413755765,0.9925512104283054,0.7368421052631579,0.33262715603279536,True,glm,validation,0.3708786975415726,0.9712350787771661,250
Region,R91,7142,2919.852941088405,286,181,294164.7,215.66335866235428,478821.80799185135,689755.6705874826,7043,0.839270987536535,0.6143510907193395,100.74640947168632,163.98833011547686,0.9861383366003921,0.6328671328671329,0.4405268496025163,False,glm,validation,0.45459264097418756,0.7869581868827632,250
Region,R93,15899,7257.751020285949,802,614,1645548.86,611.995441854755,1473094.7439054635,1923150.1527885003,15724,1.0032754462013147,1.1170692630654067,226.72985824404415,202.96848704069,0.988993018428832,0.7655860349127181,0.30551694705654264,False,glm,validation,0.7138859379484503,1.6065344075689487,250
Region,R94,901,346.589247698181,55,38,93483.1,21.485655064562167,36828.79761837638,77859.71790613912,885,1.768621896135535,2.5383152870935692,269.7230240720207,106.26064675395777,0.9822419533851277,0.6909090909090909,1.1140988286647087,True,glm,validation,1.3021485036742275,4.390189840048146,250
driver_age_band,18–24,6126,2523.4762257654015,455,367,2027496.1600000001,415.36331517909014,1893672.9754199907,2248926.948094724,6047,0.8835638261452204,1.0706685823355162,803.4536403785756,750.4223563055825,0.9871041462618348,0.8065934065934066,0.18760048714110367,False,glm,validation,0.316843768125757,2.525328199188654,250
driver_age_band,25–34,28326,12965.96434837937,1255,960,2356980.45,1008.3099705174819,2041895.2672412996,2667322.5382180987,28045,0.9520881753329401,1.1543101587107336,181.78211713921624,157.48117242791264,0.9900797853562099,0.7649402390438247,0.3062974291633389,False,glm,validation,0.7756787261731436,1.6032030240590687,250
driver_age_band,35–44,34151,17492.376144172467,1657,1277,2280796.2,1240.265315083893,2370265.3350922526,3200150.811855945,33796,1.0296184086334965,0.9622535360207805,130.38801482438055,135.50276506499085,0.9896049896049897,0.7706698853349426,0.3501234500952579,False,glm,validation,0.8138891836573205,1.1535057400713267,250
driver_age_band,45–54,32540,17812.75431619133,1878,1353,2499888.42,1333.0370955701167,2673844.867218031,3846546.764149562,32039,1.014975505555114,0.9349414585151224,140.34260932503102,150.1084458784443,0.9846035648432698,0.7204472843450479,0.43858262358790245,False,glm,validation,0.7746424724389634,1.1042619000241898,250
driver_age_band,55–64,19840,11138.963291414027,1054,729,1186360.02,727.9560407290628,1534041.1650377854,2221510.7317180885,19532,1.0014340965834856,0.7733560526524583,106.50542505283707,137.7184864430097,0.9844758064516129,0.6916508538899431,0.44814284150149897,False,glm,validation,0.6209996972090011,0.9518973987809112,250
driver_age_band,65–74,10269,6524.782387903286,582,349,741713.82,384.9288144261878,943275.20125084,1524554.722004121,10058,0.9066611459582553,0.786317523259853,113.67640725844144,144.56807065315138,0.9794527217840101,0.5996563573883161,0.6162353467815853,False,glm,validation,0.46180994801276665,1.2799114246640348,250
driver_age_band,75+,4434,3170.9095141851935,292,194,790840.5700000001,212.68891979729048,473901.55671024515,741225.1688996243,4342,0.9121302613455251,1.6687866051546631,249.40496298053995,149.452879241816,0.9792512404149752,0.6643835616438356,0.5640910193355351,False,glm,validation,0.7311023960461562,3.174011105320207,250
vehicle_age_band,New,11506,3350.0410861591436,1018,215,458118.28,249.757439824763,556139.6738732678,2397448.219763176,10743,0.8608352173646967,0.8237468059227064,136.7500481987334,166.00980691579747,0.9336867721188945,0.2111984282907662,3.3108742864288123,False,glm,validation,0.5576283505522804,1.2056707711647259,250
vehicle_age_band,1–5,52692,26853.80966988547,2464,1976,3742933.95,1995.1963406207485,4449789.290967688,5667588.434336299,52230,0.99037872101611,0.841148581483963,139.38186037705552,165.70420903659684,0.9912320655887041,0.801948051948052,0.27367568748491866,False,glm,validation,0.7433081193430693,0.9904236705180728,250
vehicle_age_band,6–10,34523,19941.6745707014,1990,1588,3048383.26,1616.823091979692,3335269.4235882233,4126026.7866526903,34157,0.9821730082142753,0.9139841112807074,152.86495871709434,167.25122114310548,0.9893983720997596,0.7979899497487437,0.237089500917661,False,glm,validation,0.7583019757060532,1.110010097609571,250
vehicle_age_band,11–20,35334,20471.486151658057,1643,1412,4594413.37,1422.6091201918764,3490924.052439482,4124508.1719769416,35115,0.9925424910881736,1.3161023559906415,224.42988925979282,170.52616632607007,0.9938020037357785,0.859403530127815,0.18149467304930522,False,glm,validation,0.7387176169836203,2.2496201927645947,250
vehicle_age_band,21+,1631,1012.2147496070065,58,38,40226.78,38.163478686043184,98773.92710178289,134666.0722110564,1614,0.9957163578459903,0.4072611181951669,39.74134936842018,97.58198755761262,0.9895769466584917,0.6551724137931034,0.3633767145077462,True,glm,validation,0.23963877728751115,0.6115987413363839,250
vehicle_power_band,10,6280,3086.3438401077924,352,242,332923.44,245.62466792185424,616207.5172401292,904954.2758789816,6178,0.985243062301025,0.5402781217131167,107.86984770574767,199.65614628945806,0.9837579617834394,0.6875,0.46858688114045033,False,glm,validation,0.43199585441791927,0.6566960511507985,250
vehicle_power_band,11,3658,1694.6182363949397,170,146,305741.64,146.70096085412564,276895.7374658339,352704.03437821654,3637,0.9952218386979574,1.1041760440162984,180.41918435294434,163.39711890206632,0.9942591580098414,0.8588235294117647,0.27377921237135916,False,glm,validation,0.7165972928883928,1.6306267731677935,250
vehicle_power_band,12,3344,1583.494545250393,156,129,282620.22,125.99651615171148,350207.6560535658,431507.8362490319,3318,1.0238378325054007,0.8070075428527238,178.47880868785066,221.16126456134307,0.9922248803827751,0.8269230769230769,0.23214849472916965,False,glm,validation,0.5543097639672141,1.2693982581301533,250
vehicle_power_band,4,22945,11830.928785088705,1154,802,3121110.54,772.0525335080475,1714270.8952218283,2476847.1580603286,22606,1.0387894154765316,1.820663553642218,263.8094266896222,144.89740631204174,0.985225539333188,0.6949740034662045,0.4448399987213352,False,glm,validation,0.7274570229067067,3.6268482203821764,250
vehicle_power_band,5,25019,13638.463838610674,1486,1012,1823261.24,1039.0116249747673,1963011.483367056,2770616.305284171,24584,0.9740025767513205,0.9288082395079272,133.68523475776817,143.93200778299854,0.9826132139573924,0.6810228802153432,0.4114111551359194,False,glm,validation,0.8009348762691915,1.1269367342659726,250
vehicle_power_band,6,29676,16522.306692117672,1588,1182,2736092.95,1299.8169569907795,3094735.3932658583,4147088.628470452,29292,0.9093588090560544,0.8841120814250344,165.59993716284865,187.30649726664797,0.9870602507076426,0.7443324937027708,0.3400462726133271,False,glm,validation,0.6801676450466312,1.1209610393962472,250
vehicle_power_band,7,29204,15652.94640392245,1526,1131,2316698.22,1107.8683891604942,2290444.195851138,3198248.926978649,28831,1.0208793851921654,1.0114624159787078,148.00397064027908,146.32671298722258,0.987227777016847,0.7411533420707732,0.3963444002573342,False,glm,validation,0.7656531402607996,1.3299392512776358,250
vehicle_power_band,8,9544,4560.316484766824,400,343,543187.65,336.47078268942175,693529.4520341521,825785.7773338152,9491,1.019405005267887,0.7832221809856913,119.11183178063442,152.07923712110812,0.9944467728415759,0.8575,0.1907003731589907,False,glm,validation,0.622343257831956,1.0511688097343594,250
vehicle_power_band,9,6016,3059.8074017516283,341,242,422439.74,249.0070390519212,931594.0374708831,1342484.742306518,5922,0.971860076411494,0.4534590422528368,138.06089225033205,304.46165890623683,0.984375,0.7096774193548387,0.4410619736802224,False,glm,validation,0.35074015981987544,0.5859776369018869,250
bonus_malus_band,50,76439,44748.1532974025,3615,2332,4575198.59,2586.825029467259,5376199.352054501,8070384.7751655,75234,0.9014911999982702,0.8510098473657974,102.24329392081475,120.1434909799188,0.9842357958633682,0.6450899031811895,0.5011319794310498,False,glm,validation,0.7177117685189559,1.018290942707958,250
bonus_malus_band,51–75,35274,17078.170278463956,1925,1548,2863537.63,1225.0250995800395,2481012.304319917,3433882.331476996,34922,1.2636475779399803,1.1541811481603832,167.6723901512447,145.27389432628752,0.9900209786244826,0.8041558441558442,0.384065014711112,False,glm,validation,0.9304250822820279,1.416566295874544,250
bonus_malus_band,76–100,22410,9103.538585223445,1370,1107,3896794.2800000003,1273.4534566664113,3384584.482397732,4214800.452639677,22159,0.8692897209591424,1.1513360946568558,428.052700993122,371.78778896938763,0.9887996430165105,0.808029197080292,0.24529332169418838,False,glm,validation,0.5789152505521392,2.0627881758337954,250
bonus_malus_band,101+,1563,699.3640669211767,263,242,548545.14,237.24588558941298,689100.229198294,731170.1256579906,1544,1.02003876441851,0.7960309933987147,784.3484759159423,985.3240419284517,0.9878438899552143,0.9201520912547528,0.06105047520974005,False,glm,validation,0.515721207815932,1.2989121413942823,250
exposure_band,0–0.05,9944,277.2662280110787,281,81,229012.71,23.191260848365353,55250.22475897575,103277.13802152574,9754,3.4926949651255947,4.145009563292236,825.9668393182359,199.26777651682892,0.9808930008045053,0.28825622775800713,0.8692618622288537,True,glm,validation,2.4898827794189398,5.925134699517506,250
exposure_band,0.05–0.25,34672,4715.31,1118,606,2013722.06,401.3114195726417,929480.7842144165,1373478.810173077,34192,1.5100492297112604,2.16650208826207,427.0603756698923,197.11976184268192,0.9861559760036918,0.5420393559928444,0.4776839214959361,False,glm,validation,1.433735960338041,3.23301337763474,250
exposure_band,0.25–0.50,26494,10364.77,1233,950,3442614.74,881.872604410259,2054049.5784853545,2911045.7066724575,26228,1.0772531035084147,1.6760134594894085,332.14579194714406,198.17608866239718,0.9899599909413452,0.7704785077047851,0.41722270833357755,False,glm,validation,0.8883709864955164,3.1022277259021993,250
exposure_band,0.50–1.00,64341,56009.03,4528,3579,6174415.03,3996.280948295043,8852243.175655108,12003282.478012254,63450,0.8955826795728489,0.6974972227356445,110.23963510883871,158.05028538532284,0.9861519093579522,0.7904151943462897,0.35595941501278916,False,glm,validation,0.5984385260095464,0.8017829245679898,250
exposure_band,>1.00,235,262.85,13,13,24311.100000000002,19.89323817681418,39872.60485659013,59153.55206084824,235,0.6534883805468968,0.6097193822033895,92.49039376070002,151.69337970930235,1.0,1.0,0.48356377200852396,True,glm,validation,0.19871601849409617,1.334722048175686,250
count_match_status,matched,133859,70670.6932771914,5229,5229,11884075.64,5260.044807842969,11783940.409375962,16103360.204560442,133859,0.9940979955538249,1.0084976015785319,168.16129981047638,166.74437256694023,1.0,1.0,0.3665513949601873,False,glm,validation,0.8033042454536322,1.2945790164545103,250
count_match_status,mismatch,1827,958.5329508196721,1944,0,0.0,62.50466346015377,146955.95859448178,346877.48037972196,0,0.0,0.0,0.0,153.3134134500176,0.0,0.0,1.3604179353959673,True,glm,validation,0.0,0.0,250
Area,A,20761,12348.675211467924,991,666,1263740.92,675.3237904660083,1547936.150776712,2322745.914530228,20463,0.986193599873663,0.8164037769683777,102.3381778497497,125.35240617059716,0.9856461634796012,0.6720484359233098,0.5005437487616899,False,boost,validation,0.6576558113444422,1.0095119987695722,250
Area,B,15118,8650.734494348379,781,531,938486.45,546.6661847829749,1191833.7920590602,1682969.9055912804,14881,0.9713423196476029,0.7874306436459004,108.48633149163503,137.77255478568884,0.9843233231908982,0.6798975672215108,0.4120844003623305,False,boost,validation,0.645018880205321,0.9491546900532714,250
Area,C,38478,20791.93947151733,1981,1403,2457366.36,1443.6017312090764,2989234.3329172223,4090994.983286151,37933,0.971874700389095,0.8220721717731084,118.18841447505758,143.76890318539762,0.9858360621653932,0.7082281675921251,0.3685762063671034,False,boost,validation,0.6784034323468724,1.018971889766943,250
Area,D,30377,15484.871110861592,1649,1246,4059854.2800000003,1293.7029578313793,2596161.954481823,3354264.5196207627,29998,0.9631268077864309,1.5637908386229014,262.1819872399381,167.65796343379253,0.9875234552457451,0.7556094602789569,0.29200896493772555,False,boost,validation,0.8427962167898225,2.7635748844359624,250
Area,E,27449,12787.36514559473,1554,1229,2969259.52,1216.7903116615735,2390149.590582841,3065747.2441722075,27144,1.0100343405280354,1.2422902448026034,232.2026067287924,186.91494012793183,0.9888884840977813,0.7908622908622909,0.28265915081265724,False,boost,validation,0.9338726853995746,1.6837516356204691,250
Area,F,3503,1565.6407942211245,217,154,195368.11000000002,148.03581402180504,281672.29457307566,418203.1429458409,3440,1.040288804554528,0.6936007330650501,124.78475951898776,179.90863269068183,0.9820154153582643,0.7096774193548387,0.4847152205001275,False,boost,validation,0.5128642799450251,0.9380986979661593,250
VehBrand,B1,32739,19183.878124111085,1680,1334,2921256.64,1412.3818294865346,2880918.0526435026,3611530.017665149,32411,0.9445037964591841,1.0140019905527973,152.27664714614951,150.1739134290395,0.9899813677876539,0.794047619047619,0.2536038692080269,False,boost,validation,0.8353866867813955,1.228937830272178,250
VehBrand,B10,3435,1868.15144172468,170,151,611401.49,157.02924979080427,307394.6759378581,340766.98500256304,3418,0.9616042883804355,1.9889787880503138,327.2761920390958,164.5448377857798,0.9950509461426492,0.888235294117647,0.10856501975151756,False,boost,validation,0.7949445075408599,4.082656429291292,250
VehBrand,B11,2747,1413.4486698106145,155,141,264475.75,119.82025757602162,263451.24005240144,290333.88014259574,2734,1.1767626180451214,1.0038888029048365,187.11379878792246,186.38896882452818,0.9952675646159447,0.9096774193548387,0.10204028679025101,False,boost,validation,0.5993652996542489,1.6040253704045606,250
VehBrand,B12,33177,12898.192759188561,1728,804,1513358.71,867.5186944994823,1748017.8211278513,3600728.7828324875,32298,0.9267811807374023,0.8657570258772046,117.33106631717038,135.52424388157624,0.97350574192965,0.4652777777777778,1.05989249040335,False,boost,validation,0.6785506745451193,1.083569507286655,250
VehBrand,B13,2474,1378.7531828729695,132,113,145155.26,107.62044524545804,226203.02280052772,276753.99029794906,2457,1.0499863640433043,0.6417034494185432,105.28009059426685,164.06346372247597,0.9931285367825384,0.8560606060606061,0.22347609183807693,False,boost,validation,0.4552361027730371,0.857237092495798,250
VehBrand,B14,795,442.4801369863014,37,31,35667.39,26.589753643083405,52397.762736877296,66301.69971141574,789,1.165862625736053,0.6807044449418346,80.60788952681105,118.41833871629692,0.9924528301886792,0.8378378378378378,0.26535363817648117,True,boost,validation,0.4215479090705572,1.009837028561309,250
VehBrand,B2,31963,18856.56387304439,1746,1360,4078319.49,1373.2961419106857,2926617.1464792644,3660559.8442204082,31609,0.990318081071584,1.3935268215407812,216.28115904138775,155.2041594737675,0.988924694177643,0.7789232531500573,0.25078193047016106,False,boost,validation,0.7833350120597555,2.470088203563004,250
VehBrand,B3,10654,5724.686492252414,567,493,789036.6,479.8448360977075,1007323.3733926289,1186055.7440181442,10584,1.0274154537314095,0.7833002001557385,137.8305346620909,175.9613167910425,0.9934296977660972,0.8694885361552028,0.1774329627868667,False,boost,validation,0.6586384768032406,0.9025612639674107,250
VehBrand,B4,5122,2813.9071899094242,256,212,579612.46,221.73642142723716,467322.9972684145,559232.7468159477,5083,0.9560901120142224,1.2402823387420205,205.98137069995434,166.07619431949246,0.9923857868020305,0.828125,0.19667285814043378,False,boost,validation,0.5666806528547602,2.54806875172807,250
VehBrand,B5,6888,3937.022560071862,432,359,574883.78,312.84344358977836,638434.4473029313,777782.5464482583,6818,1.1475388324607028,0.9004585865136173,146.0199354279308,162.16174470975804,0.9898373983739838,0.8310185185185185,0.21826532032224066,False,boost,validation,0.7073148475731806,1.1224400627008555,250
VehBrand,B6,5692,3112.1417980387755,270,231,370908.07,245.43971670602446,478907.5756484767,564879.4729915522,5658,0.9411679702868968,0.7744877902542316,119.18096734337125,153.88359744735186,0.9940267041461701,0.8555555555555555,0.17951667861311882,False,boost,validation,0.5971920757410646,1.040608743138266,250
VehGas,Diesel,66307,34016.727685455495,3287,2644,5149906.56,2697.072408427363,5486757.409841251,6772365.4045357015,65714,0.9803222159473617,0.9386065712989128,151.39335586949892,161.2958618646678,0.9910567511725761,0.8043808944326133,0.23431106911862676,False,boost,validation,0.8130489748035087,1.0977850812463525,250
VehGas,Regular,69379,37612.49854255558,3886,2585,6734169.08,2627.0483815454545,5510230.705549484,8162560.305610769,68145,0.983994058944313,1.2221210762042791,179.04072691105108,146.49999120146438,0.9822136381325761,0.6652084405558415,0.4813463794519639,False,boost,validation,0.8629419747173711,1.784448926310208,250
Region,R11,13898,5987.665886668164,753,485,816119.21,531.0474356375613,1020432.9198271323,1531100.5309215605,13644,0.9132894115527025,0.7997774220555877,136.3000583945624,170.42248835212683,0.9817239890631746,0.6440903054448871,0.5004421174308435,False,boost,validation,0.6144965602550871,0.9910248057695525,250
Region,R21,627,247.90189535144847,33,17,23664.4,15.527025800660534,34599.8570397659,63759.01547845517,611,1.094865186562439,0.6839450224549284,95.45872961742054,139.57076443773843,0.9744816586921851,0.5151515151515151,0.8427537259814806,True,boost,validation,0.2448408732122041,1.3500325057665943,250
Region,R22,1586,695.8176959353245,93,63,287622.08,57.01994258320491,102826.95995445021,134422.18989714293,1558,1.1048765948522106,2.797146586142481,413.35838637069406,147.77859280544635,0.9823455233291298,0.6774193548387096,0.30726601230541695,True,boost,validation,0.6056460431197427,6.857844997352949,250
Region,R23,1766,647.822976270679,57,45,82759.42,45.606862842586686,80491.7758490527,114377.61096250858,1755,0.9866936069538199,1.0281723707425692,127.75005368969924,124.24964658157005,0.9937712344280861,0.7894736842105263,0.42098506034954974,True,boost,validation,0.5475571559175565,1.569369798733655,250
Region,R24,32001,20395.908931057715,1789,1247,2580205.23,1296.2211179447834,3082164.4410795253,4267136.91088722,31497,0.9620272210787418,0.8371406780282902,126.5060183746463,151.11679756454407,0.9842504921721196,0.6970374510899944,0.38446114490655114,False,boost,validation,0.6510421317262391,1.058345722323689,250
Region,R25,2230,1370.156674900816,121,85,157295.13999999998,96.47303074078715,214373.63146106817,293781.8811181451,2194,0.8810752533356812,0.7337429464993037,114.80084203610248,156.45921038671466,0.9838565022421525,0.7024793388429752,0.37041985581840553,True,boost,validation,0.417598859522288,1.3065215903680039,250
Region,R26,2112,1033.4667520023954,111,76,125900.12,71.0528352480112,140163.37152209325,207129.64355948268,2078,1.0696265635948323,0.8982383816313593,121.82309663669584,135.62446130997387,0.9839015151515151,0.6846846846846847,0.47777298241455246,True,boost,validation,0.5758521952582685,1.2970395950918578,250
Region,R31,5436,2273.136769219253,242,203,318918.96,191.5185523687397,369010.91283108667,471188.8884905089,5399,1.059949532247688,0.8642534648995163,140.29906353128857,162.33555227643853,0.9931935246504783,0.8388429752066116,0.2768968941202934,False,boost,validation,0.6812311901197042,1.1072185180123906,250
Region,R41,2629,1599.0220173665693,121,87,359248.85,95.6671115888444,186203.8256152338,251401.11998895736,2597,0.90940343609313,1.9293311982877377,224.6678570390464,116.44856893333653,0.9878280715100799,0.71900826446281,0.3501393924550473,True,boost,validation,0.5949530212365683,4.249727875041057,250
Region,R42,461,248.99917808219178,22,14,21887.5,17.59330861672381,32035.77699339002,47495.532980583856,453,0.7957570861169291,0.6832205132566653,87.9018965788521,128.65816361375852,0.982646420824295,0.6363636363636364,0.4825778375964993,True,boost,validation,0.21255679984072895,1.3060031839444264,250
Region,R43,266,105.62640092821319,8,3,4968.889999999999,7.54444609768193,15917.617682002397,22455.644104891035,261,0.39764350638302864,0.31216291905403554,47.04212163185417,150.69734026837173,0.981203007518797,0.375,0.41074151631880196,True,boost,validation,0.0,0.7235163060542632,250
Region,R52,7698,4378.809199790404,391,308,554371.1,319.55301399039104,571337.6081496436,745254.9412907955,7616,0.9638463307038674,0.9703038835399055,126.6031641722447,130.4778495891055,0.9893478825669005,0.7877237851662404,0.30440378973897286,False,boost,validation,0.715558747298662,1.2498529846445339,250
Region,R53,8526,5638.2115832023355,571,399,642966.3,377.8998862151382,775851.1872880389,1111371.7508576333,8365,1.0558351948612377,0.8287237430768993,114.0372776920185,137.60590141730344,0.9811165845648604,0.6987740805604203,0.43245479167518575,False,boost,validation,0.6749393630790828,0.9896448378878893,250
Region,R54,3764,2210.314188936298,208,177,355473.42,151.81308704180054,276029.8838231161,340227.0748445467,3736,1.1659073894681058,1.28780773688907,160.82483738253958,124.88264573642086,0.9925611052072264,0.8509615384615384,0.23257333638037925,False,boost,validation,0.8042237217904398,1.9230328308695204,250
Region,R72,6284,2880.1575110412455,281,224,424056.2,209.86980276842138,408558.73091347056,529386.0097623877,6231,1.0673283962017652,1.0379320472527405,147.23368370457405,141.85291233109223,0.9915658816040739,0.797153024911032,0.2957402931489608,False,boost,validation,0.7494390573508839,1.3975756262473962,250
Region,R73,3389,1364.9371704468897,146,67,87538.41,75.04121397858471,134207.52531154588,240829.03416610585,3314,0.8928426986685009,0.6522615613155119,64.13365530322494,98.32505716552903,0.9778695780466214,0.4589041095890411,0.7944525361528838,True,boost,validation,0.4664788979496758,0.9006320916868115,250
Region,R74,918,467.7483262220226,61,44,72166.36,35.3032021108701,63380.9286392627,90297.58451881206,903,1.2463458657891004,1.1386131688088739,154.2845927058333,135.50220297138625,0.9836601307189542,0.7213114754098361,0.42468068009459947,True,boost,validation,0.6649527881722661,1.624718497892339,250
Region,R82,17079,9076.145081967214,984,824,2906316.08,853.3342715958951,1656812.2060662636,1997505.145940536,16929,0.9656239382709492,1.7541614368597687,320.21481077625845,182.54580453523965,0.9912172843843317,0.8373983739837398,0.2056315970071061,False,boost,validation,0.7298921766162536,3.6081079870872617,250
Region,R83,1074,483.1847795493675,38,28,29401.31,29.724340461029744,54434.39559865024,79737.42194956893,1066,0.9419889412419277,0.5401237522095136,60.84899865310439,112.657513031386,0.9925512104283054,0.7368421052631579,0.46483525852808594,True,boost,validation,0.3129045245570508,0.8293551427408915,250
Region,R91,7142,2919.852941088405,286,181,294164.7,215.33864630787252,444252.88638824195,641446.2946353016,7043,0.8405365367683323,0.6621559679477766,100.74640947168632,152.1490620766134,0.9861383366003921,0.6328671328671329,0.4438764818169987,False,boost,validation,0.49006905417055624,0.8402894836776252,250
Region,R93,15899,7257.751020285949,802,614,1645548.86,609.2121274489605,1294919.7294041372,1676193.438068574,15724,1.0078591221929354,1.2707728692628741,226.72985824404415,178.4188691214043,0.988993018428832,0.7655860349127181,0.2944381030010883,False,boost,validation,0.8124754094102993,1.8179830963951975,250
Region,R94,901,346.589247698181,55,38,93483.1,21.75952858426857,38981.943953562484,78428.04572275352,885,1.746361363153463,2.3981128317090192,269.7230240720207,112.47303317242255,0.9822419533851277,0.6909090909090909,1.0119069950996153,True,boost,validation,1.2438951860360536,4.114015311220451,250
driver_age_band,18–24,6126,2523.4762257654015,455,367,2027496.1600000001,403.87859761838257,1223758.317076426,1350735.9622450091,6047,0.9086889034579929,1.6567782475576665,803.4536403785756,484.94941405887226,0.9871041462618348,0.8065934065934066,0.10376039402284465,False,boost,validation,0.48186032566665293,4.049455159196265,250
driver_age_band,25–34,28326,12965.96434837937,1255,960,2356980.45,1031.2596304138387,2037086.704791692,2617274.101435451,28045,0.9309003976183547,1.1570349187670044,181.78211713921624,157.11031204912342,0.9900797853562099,0.7649402390438247,0.2848123230489039,False,boost,validation,0.7745701627702969,1.602842431757363,250
driver_age_band,35–44,34151,17492.376144172467,1657,1277,2280796.2,1246.6188842206113,2462635.7499722517,3259332.6238353206,33796,1.024370813055975,0.9261605984667849,130.38801482438055,140.7833749786287,0.9896049896049897,0.7706698853349426,0.323513891111199,False,boost,validation,0.7825628325833318,1.1092482777243093,250
driver_age_band,45–54,32540,17812.75431619133,1878,1353,2499888.42,1295.753751714714,2567717.5510974354,3662915.0751936696,32039,1.0441798823345332,0.973583881502681,140.34260932503102,144.15050617766883,0.9846035648432698,0.7204472843450479,0.42652569930370654,False,boost,validation,0.8044984889171851,1.1528674852117036,250
driver_age_band,55–64,19840,11138.963291414027,1054,729,1186360.02,748.0069622244383,1485691.7694521968,2126975.754953933,19532,0.9745898592067712,0.798523653689913,106.50542505283707,133.37792131852845,0.9844758064516129,0.6916508538899431,0.43163999336025793,False,boost,validation,0.6409211620530328,0.9872237347523027,250
driver_age_band,65–74,10269,6524.782387903286,582,349,741713.82,397.94037786201875,807376.0039109918,1270412.8497280788,10058,0.8770158029075695,0.918672113621263,113.67640725844144,123.7399128295586,0.9794527217840101,0.5996563573883161,0.573508307869073,False,boost,validation,0.5412715375238114,1.4974396076839163,250
driver_age_band,75+,4434,3170.9095141851935,292,194,790840.5700000001,200.6625859188137,412722.01908974064,647279.3427550087,4342,0.9667970693774008,1.916157930570801,249.40496298053995,130.15887626039526,0.9792512404149752,0.6643835616438356,0.5683179302683796,False,boost,validation,0.8395282760456653,3.6342207547235126,250
vehicle_age_band,New,11506,3350.0410861591436,1018,215,458118.28,248.42280732163636,495609.33534818736,2075718.5619611247,10743,0.8654599886299352,0.9243536134729016,136.7500481987334,147.94127074913237,0.9336867721188945,0.2111984282907662,3.1882152209720607,False,boost,validation,0.6296712459004399,1.3587001826536111,250
vehicle_age_band,1–5,52692,26853.80966988547,2464,1976,3742933.95,2001.660708501061,3998388.989951053,5049802.075144149,52230,0.9871802906496192,0.9361105083589728,139.38186037705552,148.8946648204983,0.9912320655887041,0.801948051948052,0.2629591787681387,False,boost,validation,0.8283554816452556,1.1012464249012517,250
vehicle_age_band,6–10,34523,19941.6745707014,1990,1588,3048383.26,1605.3516670270842,3232217.195311423,3991402.257360642,34157,0.9891913607569752,0.9431245104511886,152.86495871709434,162.0835393663601,0.9893983720997596,0.7979899497487437,0.23488058387613142,False,boost,validation,0.7816580136124108,1.1444551617783107,250
vehicle_age_band,11–20,35334,20471.486151658057,1643,1412,4594413.37,1427.4767670886486,3185253.6981297852,3707469.014878561,35115,0.9891579551797445,1.4424010786637183,224.42988925979282,155.59464879748364,0.9938020037357785,0.859403530127815,0.16394779387757819,False,boost,validation,0.8046559442587806,2.447377323329737,250
vehicle_age_band,21+,1631,1012.2147496070065,58,38,40226.78,41.20884003438727,85518.89665028566,110533.80080199438,1614,0.9221322407592737,0.4703846936250858,39.74134936842018,84.48691019715774,0.9895769466584917,0.6551724137931034,0.2925073303272694,True,boost,validation,0.2754834924577098,0.6861498954802758,250
vehicle_power_band,10,6280,3086.3438401077924,352,242,332923.44,243.97041868381663,496656.64155768655,720415.8829514692,6178,0.9919235344414018,0.6703291814558993,107.86984770574767,160.92070983910222,0.9837579617834394,0.6875,0.4505310564095075,False,boost,validation,0.5387571064272337,0.8156008909778387,250
vehicle_power_band,11,3658,1694.6182363949397,170,146,305741.64,134.1705038629592,272337.78051411425,363484.0265480915,3637,1.0881676359293049,1.1226559878061229,180.41918435294434,160.707452962075,0.9942591580098414,0.8588235294117647,0.33468087263512625,False,boost,validation,0.727574175027916,1.657610090099381,250
vehicle_power_band,12,3344,1583.494545250393,156,129,282620.22,127.86981602477758,258226.00891334412,321129.2297642626,3318,1.0088385516641662,1.0944684510646723,178.47880868785066,163.0735070656727,0.9922248803827751,0.8269230769230769,0.2435975412222231,False,boost,validation,0.7477144683881762,1.7316500921336844,250
vehicle_power_band,4,22945,11830.928785088705,1154,802,3121110.54,790.1549191777787,1660630.320071175,2352314.5726522845,22606,1.014990833486865,1.8794734157727702,263.8094266896222,140.36347866147045,0.985225539333188,0.6949740034662045,0.4165191037530038,False,boost,validation,0.7436838876886431,3.7398669222536367,250
vehicle_power_band,5,25019,13638.463838610674,1486,1012,1823261.24,1039.7576746476318,2126213.6075554825,2972685.939108287,24584,0.9733037078499673,0.8575155541856454,133.68523475776817,155.89832056716997,0.9826132139573924,0.6810228802153432,0.3981125548932958,False,boost,validation,0.7349864129585465,1.0460656244941444,250
vehicle_power_band,6,29676,16522.306692117672,1588,1182,2736092.95,1270.647971732009,2596188.1899580057,3427846.5760370833,29292,0.9302340430204491,1.0538885280285701,165.59993716284865,157.1323083596175,0.9870602507076426,0.7443324937027708,0.32033825178618125,False,boost,validation,0.8114219369377755,1.3341744058708698,250
vehicle_power_band,7,29204,15652.94640392245,1526,1131,2316698.22,1135.5141295883896,2363071.7703507096,3193031.5858764984,28831,0.9960245940840684,0.980375733427755,148.00397064027908,150.966579030677,0.987227777016847,0.7411533420707732,0.3512207398603946,False,boost,validation,0.7351466013946855,1.2957376574319786,250
vehicle_power_band,8,9544,4560.316484766824,400,343,543187.65,339.1892377290417,711936.6817646741,892105.5178045913,9491,1.0112349150476363,0.7629718539766813,119.11183178063442,156.11563016356672,0.9944467728415759,0.8575,0.2530686234530486,False,boost,validation,0.6110036775006293,1.041641848172252,250
vehicle_power_band,9,6016,3059.8074017516283,341,242,422439.74,242.84611852641356,511727.1147055427,691912.3794039026,5922,0.9965158243765732,0.8255176008077658,138.06089225033205,167.2416095250301,0.984375,0.7096774193548387,0.35211201345475285,False,boost,validation,0.6401321425265498,1.0717062127353345,250
bonus_malus_band,50,76439,44748.1532974025,3615,2332,4575198.59,2339.189991772561,4678923.31250724,7324241.653087702,75234,0.9969262899559892,0.977831497637507,102.24329392081475,104.5612604705821,0.9842357958633682,0.6450899031811895,0.565369031270347,False,boost,validation,0.8251264823423867,1.1684615307078778,250
bonus_malus_band,51–75,35274,17078.170278463956,1925,1548,2863537.63,1572.3006284457442,3107813.130764772,3826524.680299276,34922,0.9845445406520215,0.9213995531627538,167.6723901512447,181.97576672975384,0.9900209786244826,0.8041558441558442,0.23125957684516352,False,boost,validation,0.7389009069575947,1.1316227333497333,250
bonus_malus_band,76–100,22410,9103.538585223445,1370,1107,3896794.2800000003,1179.9721227543077,2684623.7874314906,3233093.2261102507,22159,0.9381577569951609,1.4515234120488263,428.052700993122,294.89892993797827,0.9887996430165105,0.808029197080292,0.20430029758601953,False,boost,validation,0.7336621479076892,2.5931730600919076,250
bonus_malus_band,101+,1563,699.3640669211767,263,242,548545.14,232.65804700020482,525627.8846872317,551066.1506492421,1544,1.0401531480223718,1.0435997708272362,784.3484759159423,751.5797701778032,0.9878438899552143,0.9201520912547528,0.048395959771325936,False,boost,validation,0.6736676744237463,1.6969776782069204,250
exposure_band,0–0.05,9944,277.2662280110787,281,81,229012.71,23.666556066595692,52581.727352803784,97932.26948341666,9754,3.4225512056791376,4.355366807625206,825.9668393182359,189.64346191741313,0.9808930008045053,0.28825622775800713,0.8624772219126171,True,boost,validation,2.605070396481644,6.24571456875234,250
exposure_band,0.05–0.25,34672,4715.31,1118,606,2013722.06,408.0050754100082,871773.3737815019,1251158.4093973602,34192,1.4852756412184942,2.3099146183658417,427.0603756698923,184.88145504357124,0.9861559760036918,0.5420393559928444,0.4351876841227613,False,boost,validation,1.5134913882131351,3.4785282921756635,250
exposure_band,0.25–0.50,26494,10364.77,1233,950,3442614.74,892.8388467147035,1893268.0638006176,2573596.078209934,26228,1.0640218035938143,1.8183451175366925,332.14579194714406,182.66377968836912,0.9899599909413452,0.7704785077047851,0.3593405642957923,False,boost,validation,0.965728659728425,3.3628227813616305,250
exposure_band,0.50–1.00,64341,56009.03,4528,3579,6174415.03,3979.8198869781145,8140091.213200907,10962521.960666392,63450,0.899286927961341,0.7585191453367082,110.23963510883871,145.3353363413169,0.9861519093579522,0.7904151943462897,0.3467320787374357,False,boost,validation,0.6500801155723429,0.871383973092171,250
exposure_band,>1.00,235,262.85,13,13,24311.100000000002,19.790424803395688,39273.73725490373,49716.99238936919,235,0.6568833225737241,0.6190167195500222,92.49039376070002,149.41501713868644,1.0,1.0,0.2659093802732386,True,boost,validation,0.20257308455297895,1.3418981300187591,250
count_match_status,matched,133859,70670.6932771914,5229,5229,11884075.64,5263.821392290794,10874679.579582864,14509838.228657056,133859,0.9933847694107188,1.0928207634101026,168.16129981047638,153.8782071505815,1.0,1.0,0.33427731111261205,False,boost,validation,0.8713714874221501,1.4092488408019979,250
count_match_status,mismatch,1827,958.5329508196721,1944,0,0.0,60.299397682023184,122308.53580786909,425087.48148941447,0,0.0,0.0,0.0,127.59971965833742,0.0,0.0,2.4755340555884993,True,boost,validation,0.0,0.0,250
Area,A,20583,12230.957375552061,1001,690,1223024.98,662.419568198284,1743783.2790055736,2702223.536653765,20291,1.041635895323461,0.7013629472909351,99.99421488007573,142.5712824812183,0.9858135354418694,0.6893106893106893,0.5496326689144311,False,glm,test,0.5192745828826244,1.0053235476744176,250
Area,B,15062,8603.476594056441,752,534,1062880.53,525.688732965821,1326181.4454925247,1948255.5550963955,14854,1.0158102438058518,0.8014593580784578,123.54081729405438,154.144830987126,0.9861904129597663,0.7101063829787234,0.46907164303813764,False,glm,test,0.6335618190273863,1.0245413464828808,250
Area,C,38331,20884.516439853283,1914,1348,2492319.43,1447.9046732610857,3139936.125132222,4349488.983385751,37795,0.9310005174331868,0.7937484492284215,119.33814398709195,150.347561753471,0.9860165401372257,0.7042842215256009,0.38521575282127585,False,glm,test,0.6148285272651964,1.042473379904007,250
Area,D,30155,15370.254949472266,1719,1333,2560852.4899999998,1287.435831247053,2851964.914237396,3684008.4335974595,29792,1.035391409534417,0.8979256642379704,166.61093120566136,185.55091790037727,0.9879621953241585,0.7754508435136708,0.2917439535130286,False,glm,test,0.759530178812384,1.0635234785292176,250
Area,E,27447,12760.444155251142,1569,1233,3001120.5100000002,1226.4428016958677,2521707.5689812517,3221369.615439498,27127,1.005346517827872,1.1901144077591945,235.18934556560774,197.6191062239417,0.9883411666120159,0.7858508604206501,0.2774556634022809,False,glm,test,0.7786864863872409,1.8106109663109176,250
Area,F,3668,1659.658966239988,220,132,179105.06,163.27877652645867,285655.1854176052,409689.5340466596,3584,0.8084332992206732,0.6269974050643002,107.91678510059714,172.11679702171972,0.9770992366412213,0.6,0.4342100369987192,False,glm,test,0.4799294790181037,0.7827329586323187,250
VehBrand,B1,32186,18812.38576615016,1654,1333,2066316.35,1390.5627037163101,3040277.732044132,3850576.919666867,31893,0.9586047406834136,0.6796472336133289,109.83808091571254,161.61042888641052,0.990896663145467,0.805925030229746,0.26652143621034585,False,glm,test,0.6015580135852547,0.772123239672893,250
VehBrand,B10,3515,1889.2188689273148,163,140,247609.11,157.4805681353834,321790.31655094965,353993.0969363807,3495,0.8889985707928381,0.7694734653732055,131.06427956681944,170.3298235284194,0.9943100995732574,0.8588957055214724,0.10007380188002757,False,glm,test,0.5636880211398103,0.9901068789245724,250
VehBrand,B11,2620,1308.766052099708,160,147,1095153.06,117.69311650040456,288997.43051958014,314262.4557904934,2608,1.2490110243575265,3.7894906471350143,836.7829057324648,220.8167227870325,0.9954198473282443,0.91875,0.08742301004368791,False,glm,test,0.7965658132437899,9.20764412149293,250
VehBrand,B12,33166,12921.111608653342,1788,836,1652056.6,852.2077716518304,1939447.2804964804,4082296.2581641246,32258,0.9809814317693736,0.8518182559605791,127.85715734346017,150.09910441433084,0.972622565277694,0.46756152125279643,1.104876115590569,False,glm,test,0.6779120725037767,1.102638754933366,250
VehBrand,B13,2458,1360.0405726476533,131,110,191421.94999999998,108.02617297893387,318891.24630422256,395539.6813091022,2438,1.0182717481017405,0.6002734544095427,140.74723493531528,234.47186261761468,0.9918633034987795,0.8396946564885496,0.24035916913114952,False,glm,test,0.41801751375473084,0.7862776008229628,250
VehBrand,B14,813,452.2728243131971,43,32,71715.96,22.737746679474064,41572.64500318438,51902.849982368076,804,1.407351416615403,1.7250757077041097,158.56791773616933,91.91939636504777,0.988929889298893,0.7441860465116279,0.24848563228037146,True,glm,test,0.5232393232008202,3.589521431680455,250
VehBrand,B2,32038,19085.5028370387,1649,1327,2507688.9899999998,1393.2538651949972,3196152.92089055,4034399.293690851,31732,0.9524466668637417,0.7845960603478502,131.39234587696572,167.46495746959653,0.9904488420001248,0.8047301394784718,0.2622672924444236,False,glm,test,0.6596411169693239,0.9594630399380716,250
VehBrand,B3,10850,5825.011500860843,586,509,1315494.26,491.1689806939792,1114475.6980944267,1305762.520114582,10774,1.036303227620008,1.1803705206396897,225.83547857469316,191.32592234877563,0.9929953917050691,0.8686006825938567,0.17163839673419967,False,glm,test,0.7158755494581092,1.9623595784392078,250
VehBrand,B4,4970,2708.0024380567406,270,218,319852.36,217.86947893091028,597310.8375327524,696431.3969031639,4922,1.0005990791813988,0.535487287190669,118.11376367501562,220.5724888347523,0.9903420523138833,0.8074074074074075,0.16594468598600698,False,glm,test,0.43920350388329016,0.6406467851212597,250
VehBrand,B5,6870,4004.3243334081894,403,333,597442.8200000001,315.8875897855893,600985.6742152998,745870.6116665778,6801,1.0541724675731194,0.994104927343026,149.1994080038717,150.08416506157096,0.9899563318777292,0.826302729528536,0.24107885373549487,False,glm,test,0.7290962883439757,1.4101946035930988,250
VehBrand,B6,5760,3142.6716782693316,328,285,454551.54,246.28238962675783,409326.73661499465,484000.57399501815,5718,1.1572081967854824,1.1104858279207472,144.63857078774495,130.24801141187322,0.9927083333333333,0.8689024390243902,0.18243088149470266,False,glm,test,0.887027902359528,1.330209413954468,250
VehGas,Diesel,66310,34100.64717269257,3273,2636,5916710.56,2729.0116628674414,5816967.427945256,7264961.584494107,65705,0.9659174549771943,1.0171469297860545,173.50728066938385,170.58231764596601,0.9908761876036797,0.8053773296669722,0.248925952308509,False,glm,test,0.7817409624773695,1.2922320413196975,250
VehGas,Regular,68936,37408.66130773262,3902,2634,4602592.44,2584.1587210271286,6052261.090321316,9050074.073725421,67738,1.0192872359454224,0.7604748657258683,123.03547571879066,161.787695115149,0.9826215620285482,0.6750384418247053,0.4953211599212337,False,glm,test,0.6769608363518995,0.8632194218617115,250
Region,R11,14096,6137.119727524515,815,506,737206.2,539.0574087078837,1030407.4027255899,1553084.8434754438,13801,0.9386755321903059,0.7154511876079048,120.12250578943186,167.89755593398172,0.979072077185017,0.6208588957055214,0.5072531887555249,False,glm,test,0.6282368966604139,0.8182307718576698,250
Region,R21,616,239.38379070289693,30,16,20265.88,14.920766534283304,164721.2699733289,350248.1086908609,602,1.072330966591894,0.12303134867331574,84.6585307237962,688.1053620617408,0.9772727272727273,0.5333333333333333,1.1263077242396924,True,glm,test,0.060443015019917196,0.18313716293025284,250
Region,R22,1651,749.4450310651995,102,72,119359.02,64.6688507640644,114764.15713048879,149861.564970731,1621,1.1133644583028437,1.040037438381452,159.2632081773268,153.13218765007016,0.9818291944276196,0.7058823529411765,0.30582203292214194,True,glm,test,0.6330462722687364,1.5210588981362922,250
Region,R23,1694,614.1002290590613,56,39,55608.7,43.52466184606679,67930.32243868394,97659.28066847418,1678,0.896043722015139,0.8186138090275394,90.55313346032283,110.61764712703065,0.9905548996458088,0.6964285714285714,0.43763899776310544,True,glm,test,0.5304430265079636,1.1462549981120336,250
Region,R24,31853,20369.42144172468,1804,1306,2528768.56,1296.2061228729272,3542321.17969949,5014524.91114623,31389,1.0075558022402837,0.7138733140551999,124.14533064842361,173.90386810120225,0.9854330832260697,0.7239467849223947,0.4156042483904956,False,glm,test,0.583073806584764,0.8779288457984644,250
Region,R25,2149,1298.0796436859046,128,97,151821.54,90.32880942135532,221979.3671806702,311843.210703666,2120,1.0738545168632267,0.6839443770304635,116.95857086927415,171.00596890215343,0.9865053513261982,0.7578125,0.4048297130690308,True,glm,test,0.38588088655138325,1.081610428286949,250
Region,R26,2082,1001.4021491129575,94,64,125617.57,68.02943797040967,143606.05517879024,208689.36600411255,2052,0.9407692009426517,0.8747372793132262,125.4416820567762,143.40498001327094,0.9855907780979827,0.6808510638297872,0.45320728812091726,True,glm,test,0.38494091429036686,1.4421518149472599,250
Region,R31,5493,2326.1793120742573,215,176,266277.77,193.4212885510754,392556.11294062046,490288.079980646,5457,0.909930862928384,0.6783177263635638,114.47001038048084,168.75574075610604,0.9934462042599672,0.8186046511627907,0.24896304965911686,False,glm,test,0.5233598599669289,0.8373240889533289,250
Region,R41,2667,1674.3139426603789,121,95,134552.54,99.29476589644557,201194.0147828072,261259.328664152,2642,0.9567473083029917,0.6687700931126209,80.36279013851163,120.16504769895343,0.990626171728534,0.7851239669421488,0.2985442382378345,True,glm,test,0.47098661810042197,0.9045558691379203,250
Region,R42,458,252.823698630137,39,27,30604.98,19.05346437625176,30518.550714819994,44921.40011015406,446,1.4170651314021823,1.0028320245606563,121.05265513409365,120.71079918606227,0.9737991266375546,0.6923076923076923,0.47193752842070436,True,glm,test,0.6394613897869013,1.567834102433785,250
Region,R43,257,110.29914813983082,13,11,21074.78,7.419334747909987,17435.79940986193,31079.49761067502,255,1.482612710404889,1.208707413098582,191.06929070098187,158.0773714386066,0.9922178988326849,0.8461538461538461,0.7825106196791884,True,glm,test,0.3763976154570601,2.4675443155033183,250
Region,R52,7785,4376.42755370911,388,308,446986.66,317.9719799961711,562680.1466709673,716208.4325583554,7710,0.9686388090035758,0.7943885396428955,102.1350529660133,128.57065260776102,0.9903660886319846,0.7938144329896907,0.27285179119206626,False,glm,test,0.6361353195048947,1.0077954058153797,250
Region,R53,8415,5543.724313197095,536,373,965010.4299999999,361.36133451455515,788263.6087779765,1150250.914748909,8259,1.0322078329190365,1.224222987403959,174.07258649257636,142.19026131971933,0.9814616755793226,0.6958955223880597,0.45922113102761597,False,glm,test,0.7010907934687812,2.2614621327422197,250
Region,R54,3858,2266.2098877161466,199,165,236267.99,154.22352353218912,258019.82497626214,315254.1496912221,3828,1.0698756987325715,0.9156970400306902,104.25688780226241,113.85521984298232,0.9922239502332815,0.8291457286432161,0.2218214229089781,False,glm,test,0.7038945964133967,1.1934388897950619,250
Region,R72,6167,2774.5465102178305,260,200,335414.28,203.407191463154,402482.23400047584,520739.62027695647,6110,0.9832494051038938,0.8333641876963033,120.88976658519469,145.06234893459288,0.9907572563645208,0.7692307692307693,0.2938201398383731,False,glm,test,0.6212872269871954,1.01210062839608,250
Region,R73,3384,1380.7560670708885,148,83,103630.06,72.37432844611169,127468.82931985625,231404.64058657896,3325,1.146815477007154,0.8129835392146118,75.05312666837595,92.31813812722646,0.982565011820331,0.5608108108108109,0.8153821747740198,True,glm,test,0.5598536401964462,1.0771478102758092,250
Region,R74,864,455.7839598772363,43,35,40445.46,37.89070880750106,60975.64390809371,77072.9480130235,857,0.923709297121177,0.6633051724875906,88.73822591495723,133.7818994870229,0.9918981481481481,0.813953488372093,0.26399563945880833,True,glm,test,0.4173274750967773,0.9210492461532478,250
Region,R82,16850,9082.612110936447,1000,838,2362752.19,863.3636429893193,1738314.0488289967,2057875.2038010682,16696,0.9706222943306949,1.359220557178176,260.1401624489711,191.38922014911094,0.990860534124629,0.838,0.18383395979992323,False,glm,test,0.7750589914769201,2.2594113359119317,250
Region,R83,1092,469.1611804775807,39,27,30498.59,29.137386850259038,45655.346271231436,56801.40579059226,1080,0.9266445250823845,0.6680179319813399,65.0066358196006,97.31271079324331,0.989010989010989,0.6923076923076923,0.2441348150804461,True,glm,test,0.3869981374303686,0.9520505038880337,250
Region,R91,7197,2960.3857504304215,332,238,414336.45,218.16096238451024,476396.4702198953,692149.3698168808,7107,1.090937615046469,0.8697303105725163,139.96029062758396,160.92378168981196,0.9874947894956232,0.7168674698795181,0.45288517670460093,False,glm,test,0.6427560835615465,1.198132046397839,250
Region,R93,15736,7078.939226738528,764,568,1131207.71,598.0622580950605,1445708.0468156084,1907210.7491152254,15548,0.9497338986231727,0.7824593025484342,159.79904245076844,204.22665042170277,0.9880528723945095,0.743455497382199,0.3192226143557455,False,glm,test,0.641012643203705,0.9239691772772556,250
Region,R94,882,348.1938056740774,49,26,261595.64,21.292155127065946,35830.0863020578,76608.63179557094,860,1.221107015463624,7.301005021162228,751.293204350865,102.90271026704055,0.9750566893424036,0.5306122448979592,1.1381090503031004,True,glm,test,0.6713292327593388,18.74100980666814,250
driver_age_band,18–24,6027,2462.1345123137958,475,411,1369422.59,406.79419477968406,1859749.2564443958,2170128.4787189923,5969,1.0103389017697113,0.7363479701656996,556.1932474246025,755.3402330958322,0.9903766384602621,0.8652631578947368,0.16689304818865858,False,glm,test,0.40693990172002814,1.20605965695959,250
driver_age_band,25–34,27975,12850.949442323526,1319,1019,1891881.8299999998,993.9125578794508,1999626.2035594983,2608754.1789687234,27688,1.0252410958304765,0.9461177427222625,147.2172805979024,155.6014372738793,0.9897408400357462,0.7725549658832449,0.30462092081256364,False,glm,test,0.7412824858250355,1.245623057473869,250
driver_age_band,35–44,34103,17506.357421962723,1598,1209,2734726.0,1242.4623262014777,2373922.883613573,3192524.569656862,33734,0.9730677337285707,1.1519860307497498,156.21330777635845,135.6034740062688,0.9891798375509486,0.7565707133917396,0.34483078270732115,False,glm,test,0.7760084005654407,1.7896542461505631,250
driver_age_band,45–54,32789,17971.779457294706,1906,1389,2309227.64,1353.9252380751677,2709808.7716414155,3901267.5489914557,32300,1.0259059813189515,0.8521736530512554,128.49187502480115,150.7813279191733,0.9850864619232059,0.7287513116474291,0.43968371119720606,False,glm,test,0.7425264056422578,0.9504088952624343,250
driver_age_band,55–64,19773,11171.167811961974,971,665,1056091.33,725.0702852159782,1515379.6548037333,2177481.4234441705,19485,0.9171524658494522,0.696915341744364,94.53723619379777,135.65096150297555,0.9854346836595357,0.6848609680741503,0.436921379102315,False,glm,test,0.5802832442591762,0.8288909416643477,250
driver_age_band,65–74,10176,6422.459306834344,603,401,825042.42,380.38712705674976,938109.8649530899,1519364.6113542041,9985,1.0541891969445512,0.8794731308376724,128.46207045983866,146.0670780669357,0.9812303459119497,0.6650082918739635,0.6196019977150329,False,glm,test,0.6187472423285078,1.2656919544642755,250
driver_age_band,75+,4403,3124.460527734112,303,176,332911.19,210.61865468606203,472631.8832508672,745514.8470851206,4282,0.8356334829995808,0.7043773427009681,106.54997464200014,151.26831625990303,0.9725187372246196,0.5808580858085809,0.5773689281334635,False,glm,test,0.4373362587772943,1.1607883367704672,250
vehicle_age_band,New,11622,3347.2178164533275,1038,222,417499.55,245.49655045961734,538223.7306345179,2319032.8812438636,10850,0.90428969199108,0.7756988892106359,124.73032019242106,160.79734279283127,0.9335742557219068,0.2138728323699422,3.3086782489317788,False,glm,test,0.5801378220141714,1.0307017556203257,250
vehicle_age_band,1–5,52393,26838.851583202337,2440,1944,3947593.44,2001.198942534663,4458601.737774813,5670977.933656893,51924,0.9714176630224397,0.8853882163447401,147.08503557844796,166.12490754132426,0.9910484224991888,0.7967213114754098,0.27191847740299613,False,glm,test,0.7315310270563652,1.0950726351756077,250
vehicle_age_band,6–10,34242,19775.508891384085,1976,1635,3705061.59,1604.7775067223865,3286086.712092924,4055040.0046596513,33916,1.0188328245822316,1.127499641553959,187.35606807136296,166.16951453141246,0.9904795280649494,0.8274291497975709,0.23400273940944705,False,glm,test,0.8058326514222773,1.6219724045277228,250
vehicle_age_band,11–20,35298,20504.95176360506,1662,1421,2392673.55,1421.427768367592,3482863.5938856816,4128199.064347234,35071,0.9996990572598119,0.6869845704553121,116.68759710261001,169.85475674551626,0.9935690407388521,0.8549939831528279,0.18528875824894975,False,glm,test,0.5510698677832815,0.84549748390746,250
vehicle_age_band,21+,1691,1042.7784257803728,59,48,56474.87,40.269615810311144,103452.74387863692,141785.77431188693,1682,1.1919656801818672,0.5459001654538244,54.15807289811977,99.20874974107477,0.9946777054997044,0.8135593220338984,0.370536623738269,True,glm,test,0.3800596750364827,0.7366936443792885,250
vehicle_power_band,10,6306,3113.0905748933305,367,239,691130.92,249.7007738195809,636325.7299883353,940109.032275637,6180,0.9571456121024573,1.0861275718218553,222.00797033465096,204.40321753572456,0.9800190294957184,0.6512261580381471,0.4774021982308818,False,glm,test,0.5693266448294736,1.80691013744283,250
vehicle_power_band,11,3565,1640.8415936821618,167,134,211041.15,142.60606796388316,271781.24638462014,345656.05995428486,3532,0.9396514602305509,0.7765110831132851,128.61762574314628,165.6352736492523,0.9907433380084152,0.8023952095808383,0.27181718588897175,False,glm,test,0.5812612180271037,0.9727862733189497,250
vehicle_power_band,12,3320,1574.2271951493376,155,131,244527.38999999998,121.72460704602959,344112.23765605607,415171.3092946467,3298,1.0761998184184975,0.7106035858114635,155.33170228126005,218.59121651332683,0.9933734939759036,0.8451612903225807,0.2064996935959451,False,glm,test,0.45607959321916314,1.0456154684153498,250
vehicle_power_band,4,23086,12064.670050902014,1175,861,1491266.31,791.3964521044189,1750700.6444750703,2487216.8366300366,22789,1.0879502905408494,0.8518111389895221,123.60605832635312,145.10969940236197,0.9871350602096509,0.7327659574468085,0.42069796140150695,False,glm,test,0.6793397486436114,1.095405384244121,250
vehicle_power_band,5,24790,13554.341183471817,1427,989,1653162.02,1026.8643904654148,1929971.5456375545,2726665.1979510845,24377,0.9631262016513659,0.8565732607492345,121.96550150411353,142.38770586584943,0.9833400564743848,0.693062368605466,0.41280072450516214,False,glm,test,0.7264145359703141,1.0495239566048478,250
vehicle_power_band,6,29753,16509.035392619207,1661,1239,2070639.1199999999,1300.9821429800027,3076108.183287834,4112996.2755742907,29359,0.9523574221871888,0.6731359876253898,125.42459754648856,186.32876543853604,0.9867576378852553,0.7459361830222757,0.33707790185005804,False,glm,test,0.5871032055288072,0.7549895622431206,250
vehicle_power_band,7,29083,15504.7738655588,1526,1142,3317243.64,1099.8271063610457,2257944.4992974736,3138802.6221955116,28721,1.038345021135631,1.4691431259856529,213.9498240196001,145.62898619973495,0.9875528659354262,0.7483617300131061,0.3901150463052143,False,glm,test,0.9147806345085886,2.169740522091001,250
vehicle_power_band,8,9402,4513.65958604686,346,302,503117.08,335.2953882411463,686101.0064074582,834599.5728252933,9360,0.9006983411975827,0.7332988514831174,111.46544625458532,152.00548320666718,0.9955328653477984,0.8728323699421965,0.21643834512850946,False,glm,test,0.569301537469258,0.929090206388648,250
vehicle_power_band,9,5941,3034.669038101654,351,233,337175.37,244.77345491304823,916183.4251321713,1313818.7515187433,5827,0.9519006057367186,0.3680216873071657,111.10778993248009,301.9055500382646,0.9808113112270661,0.6638176638176638,0.434012792066401,False,glm,test,0.3034366687422535,0.43684756050369944,250
bonus_malus_band,50,76594,44820.81312523392,3516,2258,3908846.77,2588.456905175363,5375474.276339743,8116161.429186581,75411,0.8723343994969949,0.7271631430188155,87.21052782059718,119.93254699150862,0.9845549259733138,0.6422070534698521,0.5098502963561795,False,glm,test,0.6399268957840756,0.8290384265774721,250
bonus_malus_band,51–75,34758,17008.35516281159,1903,1541,3036387.22,1222.8871473891882,2464201.921207236,3362428.6508588395,34410,1.2601326322628945,1.2321990312029483,178.523272293784,144.88184763422402,0.989987916450889,0.8097740409879138,0.3645101977728975,False,glm,test,0.8692973509046005,1.8684534553711298,250
bonus_malus_band,76–100,22297,8943.40528332959,1468,1201,3081016.61,1254.1711341204602,3313860.225774169,4085048.1462754635,22042,0.9576045623488626,0.9297364403111561,344.50150836203085,370.5367386124353,0.9885634838767547,0.8181198910081744,0.2327158865975203,False,glm,test,0.7128119357893478,1.2016433669378968,250
bonus_malus_band,101+,1597,736.7349090500786,288,270,493052.39999999997,247.65519720955882,715692.0949454245,751397.4318986454,1580,1.0902254547540693,0.6889169287773089,669.2399042631565,971.4377398896626,0.989355040701315,0.9375,0.049889243161116203,False,glm,test,0.4697281695953519,0.9359671146952702,250
exposure_band,0–0.05,9809,272.28848042518155,310,85,409163.23000000004,22.61596405176521,55132.31369213556,103791.10045947682,9592,3.758407105947165,7.421477580005241,1502.6828507804921,202.47758409039497,0.9778774594759915,0.27419354838709675,0.8825819833910267,True,glm,test,2.7236143754604387,14.881491633608752,250
exposure_band,0.05–0.25,34813,4735.51,1175,655,1377674.6,407.3106107502243,942808.7221453048,1384380.9538212332,34321,1.608109346313265,1.4612450729827615,290.92422991399025,199.09338638189018,0.9858673484043318,0.5574468085106383,0.4683582377888458,False,glm,test,1.1806648409945417,1.7515937348992077,250
exposure_band,0.25–0.50,25883,10126.53,1302,982,1915367.06,864.7604961789784,2007085.5121286823,2850833.8993848725,25579,1.1355745369256052,0.9543026684341879,189.1434736281826,198.20071753391164,0.9882548390835684,0.7542242703533026,0.4203848725714354,False,glm,test,0.818297675309849,1.1388336245870045,250
exposure_band,0.50–1.00,64487,56093.1,4380,3540,6801317.39,3996.5173794426187,8820418.285944758,11908387.888432335,63697,0.8857712012486513,0.7710878520169305,121.25051726504685,157.2460478373411,0.9877494688852017,0.8082191780821918,0.3500933291801165,False,glm,test,0.6252409896635255,0.9762413599520442,250
exposure_band,>1.00,254,281.88,8,8,15780.72,21.965933470983472,43783.68435569199,67641.81612161087,254,0.3642003200350137,0.36042467033609665,55.983822903363134,155.3273888026536,1.0,1.0,0.5449091851681336,True,glm,test,0.07454283232651804,0.7712998924942415,250
count_match_status,matched,133443,70629.54645856726,5269,5269,10518759.67,5254.397373252274,11731092.56348943,15988117.912558,133443,1.0027791249329678,0.8966564378442838,148.9286027933157,166.09327330695984,1.0,1.0,0.36288396208872054,False,glm,test,0.775436883857694,1.050418073475334,250
count_match_status,mismatch,1803,879.7620218579235,1906,1,543.33,58.77301064229659,138135.9547771438,326917.7456615288,0,0.017014612473847647,0.003933298907417407,0.6175874685435611,157.01513744071573,0.0,0.0005246589716684155,1.3666376084991674,True,glm,test,0.0,0.01241005576741645,250
Area,A,20583,12230.957375552061,1001,690,1223024.98,673.7689532521047,1529544.8830696084,2295353.910197176,20291,1.0240899297445398,0.7996005828515077,99.99421488007573,125.05520509187207,0.9858135354418694,0.6893106893106893,0.5006777085159366,False,boost,test,0.5903803097481077,1.141886458523412,250
Area,B,15062,8603.476594056441,752,534,1062880.53,540.9452822971363,1165346.749281183,1653554.9432022579,14854,0.987160841356,0.9120723343979921,123.54081729405438,135.4506793319159,0.9861904129597663,0.7101063829787234,0.41893813512777633,False,boost,test,0.7136068349622691,1.1756472938963334,250
Area,C,38331,20884.516439853283,1914,1348,2492319.43,1442.156238673046,2979952.7581511224,4094806.358151282,37795,0.9347114853799192,0.836362060835599,119.33814398709195,142.68718008067304,0.9860165401372257,0.7042842215256009,0.3741178771880458,False,boost,test,0.6511731277958236,1.1020131973207998,250
Area,D,30155,15370.254949472266,1719,1333,2560852.4899999998,1292.9306179635346,2592423.959432591,3340281.424426384,29792,1.0309911309081516,0.9878216410870151,166.61093120566136,168.6649940391263,0.9879621953241585,0.7754508435136708,0.2884780717570121,False,boost,test,0.8362566228363106,1.1701924350745245,250
Area,E,27447,12760.444155251142,1569,1233,3001120.5100000002,1214.3144680193868,2384691.01943374,3045497.9987092577,27127,1.0153877207862723,1.2584944907087523,235.18934556560774,186.88150588021648,0.9883411666120159,0.7858508604206501,0.27710381508143156,False,boost,test,0.8200159741760812,1.9083479695862795,250
Area,F,3668,1659.658966239988,220,132,179105.06,155.1841402653691,294447.2483524619,435985.06171871873,3584,0.850602386134797,0.6082755434196011,107.91678510059714,177.41430880799675,0.9770992366412213,0.6,0.48068988302051285,False,boost,test,0.4713744930301521,0.7625770440587857,250
VehBrand,B1,32186,18812.38576615016,1654,1333,2066316.35,1385.7895811367002,2830538.945285632,3545137.1529026367,31893,0.961906495866855,0.7300080973771893,109.83808091571254,150.46145557884145,0.990896663145467,0.805925030229746,0.252460122058096,False,boost,test,0.6452540435666222,0.8317614556826121,250
VehBrand,B10,3515,1889.2188689273148,163,140,247609.11,158.11010284356013,308430.7223777531,341652.50233898347,3495,0.8854589142764715,0.802803002538569,131.06427956681944,163.25833255777184,0.9943100995732574,0.8588957055214724,0.10771229177533659,False,boost,test,0.5875184283689341,1.038727170689352,250
VehBrand,B11,2620,1308.766052099708,160,147,1095153.06,113.97107812903049,246054.65209817415,271279.47674371843,2608,1.289800907503712,4.45085289248277,836.7829057324648,188.00506912860277,0.9954198473282443,0.91875,0.1025171620631653,False,boost,test,0.9331399815582994,10.708518226384825,250
VehBrand,B12,33166,12921.111608653342,1788,836,1652056.6,866.0531559368686,1746339.8701496446,3589864.6450192747,32258,0.9652987166770866,0.9460109273336551,127.85715734346017,135.15399626918406,0.972622565277694,0.46756152125279643,1.0556506247043753,False,boost,test,0.7502889635363909,1.225854081700112,250
VehBrand,B13,2458,1360.0405726476533,131,110,191421.94999999998,106.69179043439273,222296.88295024156,269848.27927704324,2438,1.0310071613958112,0.8611094652318965,140.74723493531528,163.44871426702073,0.9918633034987795,0.8396946564885496,0.21390941562345467,False,boost,test,0.6070651860109632,1.1345741040529247,250
VehBrand,B14,813,452.2728243131971,43,32,71715.96,27.22439550537454,53924.529969143434,65900.16389932705,804,1.1754163648439018,1.3299320372572025,158.56791773616933,119.23009093246097,0.988929889298893,0.7441860465116279,0.22208137812302264,True,boost,test,0.40703687569516905,2.902419882223316,250
VehBrand,B2,32038,19085.5028370387,1649,1327,2507688.9899999998,1401.9233333881784,2965534.7932144254,3703699.75735706,31732,0.9465567541364026,0.8456110498983038,131.39234587696572,155.38153846590276,0.9904488420001248,0.8047301394784718,0.24891461932318681,False,boost,test,0.714930601898283,1.0346192655580277,250
VehBrand,B3,10850,5825.011500860843,586,509,1315494.26,490.9051841166816,1037512.1694739358,1219012.784875244,10774,1.0368601034757408,1.267931402353587,225.83547857469316,178.11332549654335,0.9929953917050691,0.8686006825938567,0.1749383002353957,False,boost,test,0.7643530838658654,2.1125936421402463,250
VehBrand,B4,4970,2708.0024380567406,270,218,319852.36,211.25457090963423,443244.28754160553,533812.1741760512,4922,1.0319303343890778,0.7216164291118512,118.11376367501562,163.67942706125373,0.9903420523138833,0.8074074074074075,0.20432950673040406,False,boost,test,0.5991350508894734,0.860840516155234,250
VehBrand,B5,6870,4004.3243334081894,403,333,597442.8200000001,314.6392265621411,615947.0913046427,759711.4443292432,6801,1.058355004359994,0.9699580182034002,149.1994080038717,153.82048006595744,0.9899563318777292,0.826302729528536,0.23340373719452412,False,boost,test,0.7087982964744838,1.3603905526408553,250
VehBrand,B6,5760,3142.6716782693316,328,285,454551.54,242.73728150801546,476582.67335550825,565561.3154864949,5718,1.1741088893697154,0.9537726934124731,144.63857078774495,151.64889054460892,0.9927083333333333,0.8689024390243902,0.18670137859714586,False,boost,test,0.7654028805918871,1.1376242997322068,250
VehGas,Diesel,66310,34100.64717269257,3273,2636,5916710.56,2706.1708690453092,5483015.835032093,6771808.384463691,65705,0.974070052320804,1.0790978428690545,173.50728066938385,160.78920166133486,0.9908761876036797,0.8053773296669722,0.23505176497890856,False,boost,test,0.8309855555322481,1.3700525270253314,250
VehGas,Regular,68936,37408.66130773262,3902,2634,4602592.44,2613.1288314252683,5463390.782688613,8093671.311941385,67738,1.007987041558662,0.8424424726460805,123.03547571879066,146.04614524282093,0.9826215620285482,0.6750384418247053,0.4814373772396294,False,boost,test,0.7465221363791775,0.9594869713790766,250
Region,R11,14096,6137.119727524515,815,506,737206.2,544.2935630459427,1043434.9959547635,1561949.0696824472,13801,0.9296453868907679,0.7065185688212823,120.12250578943186,170.02030957210056,0.979072077185017,0.6208588957055214,0.49692992446858963,False,boost,test,0.6200690604467524,0.8077550556394448,250
Region,R21,616,239.38379070289693,30,16,20265.88,15.31194895017386,34553.98525487074,64092.36711066135,602,1.0449355632039465,0.5864990637264718,84.6585307237962,144.34555135671758,0.9772727272727273,0.5333333333333333,0.8548473247851163,True,boost,test,0.28612667146940546,0.8994205787662846,250
Region,R22,1651,749.4450310651995,102,72,119359.02,64.07364115640333,113711.7269034423,149523.9591480642,1621,1.123707014312617,1.049663242748508,159.2632081773268,151.72790823874274,0.9818291944276196,0.7058823529411765,0.314938777378974,True,boost,test,0.648888457951064,1.5385076443775374,250
Region,R23,1694,614.1002290590613,56,39,55608.7,43.270988233584006,76729.38150036894,107497.10410609846,1678,0.9012967254057499,0.7247380196819729,90.55313346032283,124.94602325411192,0.9905548996458088,0.6964285714285714,0.4009901031924985,True,boost,test,0.4696760498049493,1.0293453761201479,250
Region,R24,31853,20369.42144172468,1804,1306,2528768.56,1295.604393710615,3051665.2847155663,4242140.946418926,31389,1.0080237504132044,0.8286520060589465,124.14533064842361,149.81600206201938,0.9854330832260697,0.7239467849223947,0.3901068926746072,False,boost,test,0.6791022050492899,1.0234677281965416,250
Region,R25,2149,1298.0796436859046,128,97,151821.54,90.43339186761757,200393.13058557065,277249.14443605096,2120,1.072612648898485,0.7576184850067508,116.95857086927415,154.37660667457445,0.9865053513261982,0.7578125,0.3835261898743667,True,boost,test,0.42330414109728387,1.219467571405926,250
Region,R26,2082,1001.4021491129575,94,64,125617.57,67.13570231090452,134426.09339639157,195223.90291616914,2052,0.9532930735365942,0.9344731132636782,125.4416820567762,134.23787188340495,0.9855907780979827,0.6808510638297872,0.45227684583899075,True,boost,test,0.4091235372818726,1.6050397358869455,250
Region,R31,5493,2326.1793120742573,215,176,266277.77,193.34781912630956,371669.969272743,465640.19246072945,5457,0.9102766237307459,0.7164360642885224,114.47001038048084,159.77700744889023,0.9934462042599672,0.8186046511627907,0.25283243457054283,False,boost,test,0.5458943008295388,0.8761662129387382,250
Region,R41,2667,1674.3139426603789,121,95,134552.54,103.56975909031355,202797.55752865472,264229.23827250244,2642,0.9172561646798786,0.66348205392458,80.36279013851163,121.12277892545184,0.990626171728534,0.7851239669421488,0.3029212062140718,True,boost,test,0.47460930835037857,0.8890216058350701,250
Region,R42,458,252.823698630137,39,27,30604.98,19.104104488085135,33415.03244880889,52884.116709275855,446,1.4133088529137487,0.9159045422710923,121.05265513409365,132.1673269945026,0.9737991266375546,0.6923076923076923,0.5826444816503826,True,boost,test,0.5768028875900826,1.376299289596728,250
Region,R43,257,110.29914813983082,13,11,21074.78,7.594911007223289,15829.672740253973,25000.162821669703,255,1.4483382345807916,1.331346537974093,191.06929070098187,143.51582045027254,0.9922178988326849,0.8461538461538461,0.5793227839824941,True,boost,test,0.41222731472568996,2.5710845439356524,250
Region,R52,7785,4376.42755370911,388,308,446986.66,316.4778947884884,567125.7029029509,728626.4287042329,7710,0.9732117315992814,0.7881615269983457,102.1350529660133,129.58644829440865,0.9903660886319846,0.7938144329896907,0.2847705984310125,False,boost,test,0.6333751877619511,0.9963267930500601,250
Region,R53,8415,5543.724313197095,536,373,965010.4299999999,365.1118598499788,752474.5837702948,1087765.9777201712,8259,1.0216047217783129,1.2824492026890641,174.07258649257636,135.7344884519228,0.9814616755793226,0.6958955223880597,0.44558500869210693,False,boost,test,0.7372008509225584,2.363195012408092,250
Region,R54,3858,2266.2098877161466,199,165,236267.99,155.88456146664382,280466.77141658566,349548.24581566715,3828,1.0584755696625332,0.8424099183181458,104.25688780226241,123.76028051807505,0.9922239502332815,0.8291457286432161,0.24630894437214002,False,boost,test,0.6415010588353052,1.0984435972519193,250
Region,R72,6167,2774.5465102178305,260,200,335414.28,203.05419405214664,394066.8301889201,518714.42703458125,6110,0.9849587246084546,0.8511609054717918,120.88976658519469,142.02927532037722,0.9907572563645208,0.7692307692307693,0.3163108064332736,False,boost,test,0.6505627838080855,1.0281708302907242,250
Region,R73,3384,1380.7560670708885,148,83,103630.06,77.74829638380439,138361.9781586967,241431.00586634857,3325,1.0675475072826108,0.7489778722384244,75.05312666837595,100.20740191438402,0.982565011820331,0.5608108108108109,0.7449230567478231,True,boost,test,0.5120954917265179,0.9864275776678018,250
Region,R74,864,455.7839598772363,43,35,40445.46,32.40223582436495,58151.644075402524,78823.80990474374,857,1.0801723742064013,0.6955170510322332,88.73822591495723,127.58598194430854,0.9918981481481481,0.813953488372093,0.3554872120646595,True,boost,test,0.4432599229784899,0.9680894891107689,250
Region,R82,16850,9082.612110936447,1000,838,2362752.19,858.5108447035851,1666681.5135586595,1992217.1718300327,16696,0.9761088111698032,1.417638685482931,260.1401624489711,183.50244326208698,0.990860534124629,0.838,0.19531965502893067,False,boost,test,0.7971984574345877,2.3720800191722615,250
Region,R83,1092,469.1611804775807,39,27,30498.59,29.393046851677717,52508.271527923585,73433.03632496815,1080,0.9185845937049862,0.5808340117191066,65.0066358196006,111.91947184222064,0.989010989010989,0.6923076923076923,0.39850416302347536,True,boost,test,0.3363615781262804,0.8382177905106943,250
Region,R91,7197,2960.3857504304215,332,238,414336.45,219.14581437345308,449223.79134765826,663135.1203605735,7107,1.086034888142636,0.9223386160314501,139.96029062758396,151.74501879775093,0.9874947894956232,0.7168674698795181,0.4761798754495783,False,boost,test,0.6784838444405898,1.2562137098602983,250
Region,R93,15736,7078.939226738528,764,568,1131207.71,596.3800296821121,1270499.9697389514,1648853.962454559,15548,0.9524128437076615,0.8903642164056315,159.79904245076844,179.4760385765181,0.9880528723945095,0.743455497382199,0.2977992929770379,False,boost,test,0.7300120564794154,1.0544013512201402,250
Region,R94,882,348.1938056740774,49,26,261595.64,21.450699507149906,38218.7307332286,77500.3063066034,860,1.2120816848575837,6.844697219956609,751.293204350865,109.76281056821206,0.9750566893424036,0.5306122448979592,1.0278095274164123,True,boost,test,0.6382066448587251,17.206104080180495,250
driver_age_band,18–24,6027,2462.1345123137958,475,411,1369422.59,393.68263774351004,1170570.3578457448,1282337.6698257024,5969,1.0439881279899685,1.1698763605463343,556.1932474246025,475.4290848007727,0.9903766384602621,0.8652631578947368,0.09548107145447293,False,boost,test,0.6525872896736972,1.934049064598555,250
driver_age_band,25–34,27975,12850.949442323526,1319,1019,1891881.8299999998,1017.8257576971154,2008940.8206509117,2575039.882989457,27688,1.001153677133836,0.9417309910537913,147.2172805979024,156.3262566448696,0.9897408400357462,0.7725549658832449,0.2817898150703737,False,boost,test,0.7431973798017983,1.2357784991957466,250
driver_age_band,35–44,34103,17506.357421962723,1598,1209,2734726.0,1252.3984479097865,2470889.0783829587,3279380.934536568,33734,0.9653477310018891,1.1067781325860673,156.21330777635845,141.14238723831193,0.9891798375509486,0.7565707133917396,0.3272068597602593,False,boost,test,0.744215618840433,1.7256312843444197,250
driver_age_band,45–54,32789,17971.779457294706,1906,1389,2309227.64,1316.9914021801944,2608595.657939671,3697092.2455570297,32300,1.0546765891566185,0.885237860828106,128.49187502480115,145.1495476081445,0.9850864619232059,0.7287513116474291,0.41727301979681974,False,boost,test,0.7718670564777199,0.985846457263594,250
driver_age_band,55–64,19773,11171.167811961974,971,665,1056091.33,744.5585015378525,1476805.1163169742,2115798.8794524,19485,0.8931467421652859,0.7151189539712604,94.53723619379777,132.1979171000928,0.9854346836595357,0.6848609680741503,0.43268658543723193,False,boost,test,0.59730876638914,0.8450902701261427,250
driver_age_band,65–74,10176,6422.459306834344,603,401,825042.42,393.63691970929983,797897.3307444449,1257429.7400555166,9985,1.018705258379061,1.034020779628663,128.46207045983866,124.23548248805203,0.9812303459119497,0.6650082918739635,0.5759292475415654,False,boost,test,0.7192999120322319,1.4879789468742226,250
driver_age_band,75+,4403,3124.460527734112,303,176,332911.19,200.20603369281895,412708.2558400014,658400.3439884029,4282,0.8790943846879318,0.8066501827602472,106.54997464200014,132.08944461823663,0.9725187372246196,0.5808580858085809,0.5953166302630284,False,boost,test,0.49989042314511606,1.3323049621908087,250
vehicle_age_band,New,11622,3347.2178164533275,1038,222,417499.55,246.76185135013404,493607.27239747246,2065819.4673423734,10850,0.8996528384973126,0.8458132068682581,124.73032019242106,147.4679269365544,0.9335742557219068,0.2138728323699422,3.1851479564079286,False,boost,test,0.6343921765860238,1.1284382748340258,250
vehicle_age_band,1–5,52393,26838.851583202337,2440,1944,3947593.44,2004.1414788959191,3999521.630448722,5048640.924556904,51924,0.9699914005427146,0.987016399648051,147.08503557844796,149.0198497521372,0.9910484224991888,0.7967213114754098,0.26231119394908164,False,boost,test,0.8140732103353483,1.2169419789524685,250
vehicle_age_band,6–10,34242,19775.508891384085,1976,1635,3705061.59,1589.275184242859,3201721.080046698,3944612.614868026,33916,1.0287708612142739,1.1572093562709593,187.35606807136296,161.9033470962481,0.9904795280649494,0.8274291497975709,0.23202881083273286,False,boost,test,0.8258692987150767,1.6648981230969386,250
vehicle_age_band,11–20,35298,20504.95176360506,1662,1421,2392673.55,1433.5796119823576,3154357.9679113748,3683477.915712018,35071,0.9912250342588491,0.7585294929555138,116.68759710261001,153.83396187793784,0.9935690407388521,0.8549939831528279,0.16774251786996586,False,boost,test,0.610685177019773,0.9339194818795643,250
vehicle_age_band,21+,1691,1042.7784257803728,59,48,56474.87,45.5415739993077,97198.66691644026,122928.7739257554,1682,1.053982016535697,0.5810251497435692,54.15807289811977,93.2112369353065,0.9946777054997044,0.8135593220338984,0.26471666562500085,True,boost,test,0.4098368129529114,0.7597250530316738,250
vehicle_power_band,10,6306,3113.0905748933305,367,239,691130.92,247.86510509495236,507255.530996432,738405.9212636937,6180,0.9642341543334375,1.3624906536600414,222.00797033465096,162.94274734162306,0.9800190294957184,0.6512261580381471,0.4556882599450407,False,boost,test,0.7133827758486075,2.262222127072475,250
vehicle_power_band,11,3565,1640.8415936821618,167,134,211041.15,129.0545895358003,261395.89059757043,348750.17488952074,3532,1.0383202990454503,0.8073621567559621,128.61762574314628,159.30598761272256,0.9907433380084152,0.8023952095808383,0.33418384693138026,False,boost,test,0.6105605291835327,0.9984580860626561,250
vehicle_power_band,12,3320,1574.2271951493376,155,131,244527.38999999998,123.94978696591429,250832.87969953372,312033.8614322674,3298,1.0568795897650434,0.9748617896222899,155.33170228126005,159.33715315833982,0.9933734939759036,0.8451612903225807,0.24399106610762034,False,boost,test,0.6315642917304791,1.4249056825251316,250
vehicle_power_band,4,23086,12064.670050902014,1175,861,1491266.31,814.3300553066713,1686860.115241625,2361754.8514082944,22789,1.0573108463689862,0.8840485921302322,123.60605832635312,139.81817224379935,0.9871350602096509,0.7327659574468085,0.40008933169304184,False,boost,test,0.7061603042255067,1.141587247130544,250
vehicle_power_band,5,24790,13554.341183471817,1427,989,1653162.02,1034.7680933722206,2108990.8263710244,2948700.4305994846,24377,0.9557697094978389,0.783864016537532,121.96550150411353,155.59522944152613,0.9833400564743848,0.693062368605466,0.39815706817149255,False,boost,test,0.6654343680152845,0.9594906141107101,250
vehicle_power_band,6,29753,16509.035392619207,1661,1239,2070639.1199999999,1269.4473126343062,2610325.231668506,3427930.3833444845,29359,0.9760153002560437,0.7932494751531243,125.42459754648856,158.11494551859278,0.9867576378852553,0.7459361830222757,0.3132196485544332,False,boost,test,0.6900482474007005,0.8922826049325152,250
vehicle_power_band,7,29083,15504.7738655588,1526,1142,3317243.64,1124.818378634716,2318718.683438549,3146894.1804386973,28721,1.0152750183421955,1.4306365251176942,213.9498240196001,149.54869406958494,0.9875528659354262,0.7483617300131061,0.3571694586822425,False,boost,test,0.8925566997724188,2.114713710423592,250
vehicle_power_band,8,9402,4513.65958604686,346,302,503117.08,334.75460245620565,699648.40862761,880908.0342431394,9360,0.9021533917207583,0.7190998704433352,111.46544625458532,155.00690632285233,0.9955328653477984,0.8728323699421965,0.25907244750413705,False,boost,test,0.5552421499632516,0.9118686820857324,250
vehicle_power_band,9,5941,3034.669038101654,351,233,337175.37,240.3117764697908,502379.05107985635,700101.858785495,5827,0.9695737904433911,0.6711573049776788,111.10778993248009,165.54657024283642,0.9808113112270661,0.6638176638176638,0.3935729550836893,False,boost,test,0.553361474479057,0.8060972006018341,250
bonus_malus_band,50,76594,44820.81312523392,3516,2258,3908846.77,2345.557319777657,4689866.565683419,7363369.280352306,75411,0.9626709954860719,0.8334665209031151,87.21052782059718,104.63590994164817,0.9845549259733138,0.6422070534698521,0.5700594413989042,False,boost,test,0.7331410345335985,0.9508578716592615,250
bonus_malus_band,51–75,34758,17008.35516281159,1903,1541,3036387.22,1570.7090273205831,3103412.493309886,3784683.297582882,34410,0.9810855945921042,0.9784027184738173,178.523272293784,182.46399864082287,0.989987916450889,0.8097740409879138,0.21952312357497772,False,boost,test,0.6908549038315912,1.4903849524440962,250
bonus_malus_band,76–100,22297,8943.40528332959,1468,1201,3081016.61,1160.4430790812721,2625127.978517493,3159554.074238772,22042,1.034949513379697,1.1736633928757882,344.50150836203085,293.5266708096862,0.9885634838767547,0.8181198910081744,0.20358096827838823,False,boost,test,0.9025650521858211,1.5027018417567801,250
bonus_malus_band,101+,1597,736.7349090500786,288,270,493052.39999999997,242.59027429106533,527999.5802099094,557873.0442311162,1580,1.1129877353452673,0.9338121060702057,669.2399042631565,716.6751211649444,0.989355040701315,0.9375,0.05657857532638655,False,boost,test,0.6380362405734034,1.2534725889333456,250
exposure_band,0–0.05,9809,272.28848042518155,310,85,409163.23000000004,23.051271704939225,50931.15345646215,94008.93531214006,9592,3.6874321333771336,8.033653318882088,1502.6828507804921,187.0485059703318,0.9778774594759915,0.27419354838709675,0.8458041676299834,True,boost,test,3.002703684041541,15.944005667157326,250
exposure_band,0.05–0.25,34813,4735.51,1175,655,1377674.6,413.1472600910145,879190.5305545914,1268678.559745045,34321,1.5853911262916434,1.5669807079598161,290.92422991399025,185.65910124877604,0.9858673484043318,0.5574468085106383,0.44300753437911267,False,boost,test,1.2573127635696333,1.8782428055120202,250
exposure_band,0.25–0.50,25883,10126.53,1302,982,1915367.06,878.7765927115204,1844275.5111246435,2532821.5275690737,25579,1.1174626271848882,1.0385471413823657,189.1434736281826,182.12314693430457,0.9882548390835684,0.7542242703533026,0.37334227575605183,False,boost,test,0.8851551897503056,1.236297011504123,250
exposure_band,0.50–1.00,64487,56093.1,4380,3540,6801317.39,3981.8017811291784,8127832.963326592,10914140.177489964,63697,0.8890447577719728,0.836793450442211,121.25051726504685,144.89897979121483,0.9877494688852017,0.8082191780821918,0.3428105900718439,False,boost,test,0.6801770617604461,1.060565615886075,250
exposure_band,>1.00,254,281.88,8,8,15780.72,22.522794833925005,44176.45925841811,55830.496288852824,254,0.3551957054614725,0.3572201182464138,55.983822903363134,156.72080054781506,1.0,1.0,0.2638064984398667,True,boost,test,0.07378876156748265,0.7530326327211194,250
count_match_status,matched,133443,70629.54645856726,5269,5269,10518759.67,5262.698859411297,10831879.32036356,14465937.163312076,133443,1.0011973211382663,0.9710927678288562,148.9286027933157,153.3618699748803,1.0,1.0,0.33549652239169725,False,boost,test,0.8408269011579277,1.1407221399517655,250
count_match_status,mismatch,1803,879.7620218579235,1906,1,543.33,56.60084105928048,114527.29735714578,399542.533093001,0,0.017667581987918825,0.004744109155965337,0.6175874685435611,130.17986058920974,0.0,0.0005246589716684155,2.4886227328586483,True,boost,test,0.0,0.014953362958543368,250
