model,scenario,policies,cost_AE,pure_deviance,raw_gini,ideal_gini,normalised_gini,top_decile_lift,top_bottom_lift,split
glm,raw_recorded_outcomes,135686,0.9960756739035854,81.20328951309217,0.3528312830891809,0.9861204954988892,0.3577973327799861,3.045859387336534,7.723447717592119,validation
glm,outcomes_capped_at_train_p99,135686,0.693791123173429,69.44703107043789,0.24695389420118152,0.9801309815379293,0.2519600939597733,2.1363564065020606,4.42779121062453,validation
glm,largest_cost_policy_excluded,135685,0.8870366285574789,78.77135344796152,0.2761518293670865,0.9844234188818881,0.28052139361001877,2.190851062263478,4.947155544815124,validation
glm,source_count_illustrative,135686,0.7224257708373184,84.74504667574324,0.2738385007770503,0.9861204954988892,0.27769273838945246,2.7720643258636746,5.714417886895775,validation
glm,capped_severity_fit,135686,1.4102009002337286,81.66074682469485,0.39851621022390227,0.9861204954988892,0.40412526870997495,3.261216811948345,8.63750997693052,validation
boost,raw_recorded_outcomes,135686,1.0806664075018642,78.8974664999268,0.38229786897217133,0.9861204954988892,0.38767865663187806,3.660773961258491,6.471848416419662,validation
boost,outcomes_capped_at_train_p99,135686,0.7527106426545309,67.19038451636604,0.33136138843941054,0.9801309815379293,0.3380786799734352,2.91049382710644,7.207486827147719,validation
boost,largest_cost_policy_excluded,135685,0.9624021889385238,77.35276452724379,0.3066413191825914,0.9844234188818881,0.3114933201516841,2.8815059007840342,4.53645164780892,validation
boost,source_count_illustrative,135686,0.7957237866892242,81.76166900003518,0.3224709075737203,0.9861204954988892,0.3270096393347739,3.462434478585003,7.11046265595294,validation
boost,capped_severity_fit,135686,1.4201251042012306,80.41889483288085,0.391249402926497,0.9861204954988892,0.3967561821423858,3.684477864678994,6.944877300119496,validation
glm,raw_recorded_outcomes,135246,0.8862667850577602,76.35326688021361,0.358995123917512,0.984363608162153,0.3646976797402847,2.681378474224987,6.365230204953682,test
glm,outcomes_capped_at_train_p99,135246,0.6833634113217462,68.11552685718611,0.2791798582008794,0.9797776719734661,0.28494204980049803,2.515791376113441,4.912499480930096,test
glm,largest_cost_policy_excluded,135245,0.821034886495681,73.4797161465715,0.3326000315612292,0.9831467531868279,0.33830151041349676,2.894459034183391,6.365301415906779,test
glm,source_count_illustrative,135246,0.6447612631910102,80.28529394036606,0.27142614711474744,0.984363608162153,0.2757376896749679,2.275862475321337,4.59246212682224,test
glm,capped_severity_fit,135246,1.2506334233631398,75.50409308281921,0.39849134057857416,0.984363608162153,0.40482128481219837,3.438994993797834,15.598985429502623,test
boost,raw_recorded_outcomes,135246,0.9609822992479299,73.87710915230583,0.4225037115699636,0.984363608162153,0.42921508685067633,3.453299833697918,14.25804248960018,test
boost,outcomes_capped_at_train_p99,135246,0.7409734329500813,65.74903247488767,0.36913375004807125,0.9797776719734661,0.37675256398174783,3.0921651680052347,9.923244756074972,test
boost,largest_cost_policy_excluded,135245,0.890275527142495,72.0826413625723,0.38006078927374254,0.9831467531868279,0.3865758474427056,2.932993728643884,11.216851775049959,test
boost,source_count_illustrative,135246,0.7076329331332568,76.86093516857566,0.4072595067813741,0.984363608162153,0.4137287313391687,3.289773707285822,12.168063795378538,test
boost,capped_severity_fit,135246,1.2587307698591215,73.87836561737784,0.4210149360609221,0.984363608162153,0.42770266248157446,3.4239836483760215,17.191919420011526,test
