split,segment,policies,exposure,source_claims,recorded_claims,recorded_cost,count_match_policies,missing_cost_policies,glm_loss,boost_loss,glm_historical_expected,boost_historical_expected,field
test,18–24,6027.0,2462.1345123137958,475,411,1369422.59,5969,57,4767137.712013724,3262808.874972339,1859749.2564443958,1170570.3578457448,driver_age_band
test,25–34,27975.0,12850.949442323526,1319,1019,1891881.8299999998,27688,287,4665299.59576856,4668215.600933534,1999626.2035594983,2008940.8206509117,driver_age_band
test,35–44,34103.0,17506.357421962723,1598,1209,2734726.0,33734,369,4887812.117334597,5068657.162528126,2373922.883613573,2470889.0783829587,driver_age_band
test,45–54,32789.0,17971.779457294706,1906,1389,2309227.64,32300,489,5088533.617716948,4935232.162504582,2709808.7716414155,2608595.657939671,driver_age_band
test,55–64,19773.0,11171.167811961974,971,665,1056091.33,19485,288,2763627.246186455,2714017.5168275353,1515379.6548037333,1476805.1163169742,driver_age_band
test,65–74,10176.0,6422.459306834344,603,401,825042.42,9985,191,1511092.4512701978,1306700.7550319752,938109.8649530899,797897.3307444449,driver_age_band
test,75+,4403.0,3124.460527734112,303,176,332911.19,4282,121,700788.8827779476,605614.1396862265,472631.8832508672,412708.2558400014,driver_age_band
train,18–24,18045.0,7503.550346582828,1434,1233,8344425.46,17860,185,14051576.661411405,9890094.821716553,5632385.85403888,3658876.0441489257,driver_age_band
train,25–34,84646.0,38781.70064600644,3822,2994,5708557.63,83867,779,14062633.692035794,14075329.036243362,6028798.973943955,6064377.484478398,driver_age_band
train,35–44,102324.0,52392.71895052025,4890,3706,7268959.14,101201,1123,14592711.028138146,15059828.493380597,7086450.115940643,7320558.100954158,driver_age_band
train,45–54,98705.0,54068.212709035106,5729,4060,7760707.03,97128,1577,15365754.599542618,14850256.726433229,8140440.523431755,7831709.435925965,driver_age_band
train,55–64,59481.0,33866.82000823415,3099,2208,4454892.22,58640,841,8331348.385411277,8154017.856859321,4628486.586219352,4483457.323596602,driver_age_band
train,65–74,30376.0,19259.94927314919,1801,1122,2557015.2,29726,650,4428066.574805674,3823729.180400984,2735636.261835883,2328989.6920902724,driver_age_band
train,75+,13504.0,9487.958821019538,979,622,1411281.18,13172,332,2045183.188372401,1812092.301592661,1406279.8812659974,1221731.3433238752,driver_age_band
validation,18–24,6126.0,2523.4762257654015,455,367,2027496.1600000001,6047,79,4766382.121450415,3389800.8169153025,1893672.9754199907,1223758.317076426,driver_age_band
validation,25–34,28326.0,12965.96434837937,1255,960,2356980.45,28045,281,4755963.508363194,4721696.6491443645,2041895.2672412996,2037086.704791692,driver_age_band
validation,35–44,34151.0,17492.376144172467,1657,1277,2280796.2,33796,355,4874160.49144387,5056623.212384036,2370265.3350922526,2462635.7499722517,driver_age_band
validation,45–54,32540.0,17812.75431619133,1878,1353,2499888.42,32039,501,5037105.136288167,4862559.926110739,2673844.867218031,2567717.5510974354,driver_age_band
validation,55–64,19840.0,11138.963291414027,1054,729,1186360.02,19532,308,2801405.233443959,2737287.1630701357,1534041.1650377854,1485691.7694521968,driver_age_band
validation,65–74,10269.0,6524.782387903286,582,349,741713.82,10058,211,1514620.5001799664,1315813.3097268557,943275.20125084,807376.0039109918,driver_age_band
validation,75+,4434.0,3170.9095141851935,292,194,790840.5700000001,4342,92,684463.5071182146,601011.188522969,473901.55671024515,412722.01908974064,driver_age_band
test,R11,14096.0,6137.119727524515,815,506,737206.2,13801,294,2465324.9359788084,2469967.1321916347,1030407.4027255899,1043434.9959547635,Region
test,R21,616.0,239.38379070289693,30,16,20265.88,602,14,440750.56664433004,91675.01610503111,164721.2699733289,34553.98525487074,Region
test,R22,1651.0,749.4450310651995,102,72,119359.02,1621,30,263332.7661515224,252868.15017118672,114764.15713048879,113711.7269034423,Region
test,R23,1694.0,614.1002290590613,56,39,55608.7,1678,16,200948.88593694687,231826.576022993,67930.32243868394,76729.38150036894,Region
test,R24,31853.0,20369.42144172468,1804,1306,2528768.56,31389,464,6237217.457837896,5644353.488446417,3542321.17969949,3051665.2847155663,Region
test,R25,2149.0,1298.0796436859046,128,97,151821.54,2120,29,404066.0300438125,366666.65989184135,221979.3671806702,200393.13058557065,Region
test,R26,2082.0,1001.4021491129575,94,64,125617.57,2052,30,328232.1477385151,308416.6946274229,143606.05517879024,134426.09339639157,Region
test,R31,5493.0,2326.1793120742573,215,176,266277.77,5457,36,983604.9557862266,917270.6396908496,392556.11294062046,371669.969272743,Region
test,R41,2667.0,1674.3139426603789,121,95,134552.54,2642,25,359594.14833550603,346498.2294932722,201194.0147828072,202797.55752865472,Region
test,R42,458.0,252.823698630137,39,27,30604.98,446,12,57621.531197915734,64727.819996537015,30518.550714819994,33415.03244880889,Region
test,R43,257.0,110.29914813983082,13,11,21074.78,255,2,44073.1125965738,39951.93089903002,17435.79940986193,15829.672740253973,Region
test,R52,7785.0,4376.42755370911,388,308,446986.66,7710,75,1110203.9946957054,1124204.1010310992,562680.1466709673,567125.7029029509,Region
test,R53,8415.0,5543.724313197095,536,373,965010.4299999999,8259,156,1310962.9424306366,1230522.4996395244,788263.6087779765,752474.5837702948,Region
test,R54,3858.0,2266.2098877161466,199,165,236267.99,3828,30,482194.3310998975,523149.4033620221,258019.82497626214,280466.77141658566,Region
test,R72,6167.0,2774.5465102178305,260,200,335414.28,6110,57,940741.8366348427,911204.1151026862,402482.23400047584,394066.8301889201,Region
test,R73,3384.0,1380.7560670708885,148,83,103630.06,3325,59,317979.5293387128,345089.150477976,127468.82931985625,138361.9781586967,Region
test,R74,864.0,455.7839598772363,43,35,40445.46,857,7,121967.33079174177,114402.52936338657,60975.64390809371,58151.644075402524,Region
test,R82,16850.0,9082.612110936447,1000,838,2362752.19,16696,154,3528144.714706724,3298884.769821812,1738314.0488289967,1666681.5135586595,Region
test,R83,1092.0,469.1611804775807,39,27,30498.59,1080,12,108157.6893471427,124078.33671719464,45655.346271231436,52508.271527923585,Region
test,R91,7197.0,2960.3857504304215,332,238,414336.45,7107,90,1231731.686467931,1140794.847521656,476396.4702198953,449223.79134765826,Region
test,R93,15736.0,7078.939226738528,764,568,1131207.71,15548,188,3353588.6005198923,2916463.6281701727,1445708.0468156084,1270499.9697389514,Region
test,R94,882.0,348.1938056740774,49,26,261595.64,860,22,93852.42878714758,98230.49374057137,35830.0863020578,38218.7307332286,Region
train,R11,41797.0,18083.856340294933,2410,1600,3009896.45,41025,772,7386315.733920284,7348767.478932991,3070366.0280931606,3104472.45224303,Region
train,R21,1783.0,718.5458230406467,97,44,437318.06,1734,49,1180002.601823578,257110.24957861935,466840.680116777,101613.72742203537,Region
train,R22,4757.0,2129.147493824388,244,179,280643.77,4696,61,719815.5687061119,721087.2294590855,308868.7059471008,312625.90268649056,Region
train,R23,5324.0,1915.7589759712553,190,136,189125.46,5276,48,651803.0224766919,739732.4063716842,216273.10679101056,242487.97452541738,Region
train,R24,96747.0,61947.57301295007,5611,3922,13965828.57,95169,1578,18825507.331625603,17092811.278842863,10689890.351234168,9272886.769417668,Region
train,R25,6514.0,3989.66482371435,384,270,620730.63,6403,111,1200539.3651999806,1095612.1587157364,657510.2693503635,603209.7578707311,Region
train,R26,6298.0,2990.4897080619808,306,205,384780.35,6202,96,994799.6195240077,899899.4803290503,436914.76908504753,399880.9948622815,Region
train,R31,16356.0,6898.658187738603,719,565,1049492.99,16209,147,2892654.5911057256,2733360.3745841156,1141700.13894946,1093369.52819995,Region
train,R41,7694.0,4840.442012126656,369,286,540499.91,7614,80,1022390.6831287864,972181.2274442567,586464.3479232615,569390.8791980532,Region
train,R42,1281.0,707.292946328318,72,51,68932.51,1260,21,156486.3558456058,175574.2126403747,77275.12889005512,88616.60446320391,Region
train,R43,803.0,348.087397260274,36,24,50490.44,792,11,133909.6329379669,126946.20195829947,54002.72932107205,53856.36110353248,Region
train,R52,23268.0,13178.794411258328,1231,960,1569607.17,23014,254,3274564.1818593284,3307501.743358218,1704038.7435327861,1729266.5291227559,Region
train,R53,25181.0,16571.527778276817,1595,1099,2293074.52,24716,465,3976496.4327174267,3728168.09805086,2421678.0828403225,2282331.2911454043,Region
train,R54,11424.0,6686.884638820271,561,458,713366.37,11327,97,1429039.0895252877,1564347.561734729,760915.6442797051,827616.709036049,Region
train,R72,18878.0,8667.462670858597,807,631,1156668.06,18709,169,2877141.4976374237,2759534.547659588,1249195.4566669017,1212149.4378107593,Region
train,R73,10368.0,4274.4153170147465,394,219,348216.8,10204,164,955071.3498874815,1042952.2290213224,384047.6579492394,421402.9233990738,Region
train,R74,2785.0,1472.4622561568979,155,118,167673.32,2749,36,388588.35592503665,371229.4957503327,188279.24782895087,190905.1427978412,Region
train,R82,50823.0,27188.66009282132,3048,2571,5009235.58,50369,454,10490523.844325712,9876885.690112634,5217857.091665525,4952020.804836413,Region
train,R83,3121.0,1370.5382685829777,112,86,124074.93,3095,26,320986.95620963455,366306.22503694915,134708.19834680093,157133.39500325714,Region
train,R91,21466.0,8855.865485440527,929,649,1322409.93,21200,266,3613061.4956703014,3338098.196666691,1417354.7436696975,1330698.8392086027,Region
train,R93,47680.0,21453.630768021558,2341,1804,4094268.23,47171,509,10073719.817916138,8830381.94075309,4355176.136717321,3841814.9681351446,Region
train,R94,2733.0,1071.152345983981,143,68,109503.81,2660,73,313856.6017492045,316860.3896252163,119120.9374777377,121948.43203050246,Region
validation,R11,13898.0,5987.665886668164,753,485,816119.21,13644,254,2471746.8806305826,2445831.0273540267,1005829.881460532,1020432.9198271323,Region
validation,R21,627.0,247.90189535144847,33,17,23664.4,611,16,416801.6525305014,90406.84060555113,160785.1157028069,34599.8570397659,Region
validation,R22,1586.0,695.8176959353245,93,63,287622.08,1558,28,230582.02706848877,240633.60333043378,96591.25135798106,102826.95995445021,Region
validation,R23,1766.0,647.822976270679,57,45,82759.42,1755,11,208328.92240500243,240020.6421392211,72456.97697714785,80491.7758490527,Region
validation,R24,32001.0,20395.908931057715,1789,1247,2580205.23,31497,504,6273259.619328076,5769568.454489052,3544769.066660897,3082164.4410795253,Region
validation,R25,2230.0,1370.156674900816,121,85,157295.13999999998,2194,36,411635.68687574746,376393.86977179005,235974.00551458224,214373.63146106817,Region
validation,R26,2112.0,1033.4667520023954,111,76,125900.12,2078,34,345177.8499264487,314717.73283661844,157027.05535917086,140163.37152209325,Region
validation,R31,5436.0,2273.136769219253,242,203,318918.96,5399,37,969619.3290584104,918806.8371785928,381062.3787630852,369010.91283108667,Region
validation,R41,2629.0,1599.0220173665693,121,87,359248.85,2597,32,352820.3960537937,329649.2655891999,193817.28407733963,186203.8256152338,Region
validation,R42,461.0,248.99917808219178,22,14,21887.5,453,8,57337.710503042385,66915.78485947721,26718.00208017438,32035.77699339002,Region
validation,R43,266.0,105.62640092821319,8,3,4968.889999999999,261,5,46344.99777567546,40910.49147100886,17419.82938774496,15917.617682002397,Region
validation,R52,7698.0,4378.809199790404,391,308,554371.1,7616,82,1110963.1547462917,1105328.028059022,577933.807810134,571337.6081496436,Region
validation,R53,8526.0,5638.2115832023355,571,399,642966.3,8365,161,1352174.7667430174,1256559.853131003,824765.9888316521,775851.1872880389,Region
validation,R54,3764.0,2210.314188936298,208,177,355473.42,3736,28,479310.394452948,522430.2577761799,252559.80354627437,276029.8838231161,Region
validation,R72,6284.0,2880.1575110412455,281,224,424056.2,6231,53,973029.1450550433,930976.4305897832,421322.97179412947,408558.73091347056,Region
validation,R73,3389.0,1364.9371704468897,146,67,87538.41,3314,75,311631.1300281599,338513.259095342,122660.83345790558,134207.52531154588,Region
validation,R74,918.0,467.7483262220226,61,44,72166.36,903,15,130499.1205184643,130913.15465564416,60779.35924803612,63380.9286392627,Region
validation,R82,17079.0,9076.145081967214,984,824,2906316.08,16929,150,3552095.1505988636,3321020.110468581,1744262.66889035,1656812.2060662636,Region
validation,R83,1074.0,483.1847795493675,38,28,29401.31,1066,8,103711.75146238306,121633.70280577606,45414.737534809545,54434.39559865024,Region
validation,R91,7142.0,2919.852941088405,286,181,294164.7,7043,99,1206776.478156286,1118072.7156828463,478821.80799185135,444252.88638824195,Region
validation,R93,15899.0,7257.751020285949,802,614,1645548.86,15724,175,3332707.058098317,2903007.5938893664,1473094.7439054635,1294919.7294041372,Region
validation,R94,901.0,346.589247698181,55,38,93483.1,885,16,97547.2762722426,102482.61009588624,36828.79761837638,38981.943953562484,Region
test,Diesel,66310.0,34100.64717269257,3273,2636,5916710.56,65705,605,12088321.074969258,11332231.874285607,5816967.427945256,5483015.835032093,VehGas
test,Regular,68936.0,37408.66130773262,3902,2634,4602592.44,67738,1197,12295970.548099171,11229014.33819871,6052261.090321316,5463390.782688613,VehGas
train,Diesel,199519.0,102543.51826858298,10088,8170,16528056.83,197708,1811,36055713.53074761,34046509.13087468,17359637.794876784,16432049.790910028,VehGas
train,Regular,207562.0,112817.39248596452,11666,7775,20977781.03,203886,3676,36821560.598969705,33618839.28575203,18298840.40179968,16477649.633608168,VehGas
validation,Diesel,66307.0,34016.727685455495,3287,2644,5149906.56,65714,593,12031773.154727248,11322798.191432951,5812493.579519318,5486757.409841251,VehGas
validation,Regular,69379.0,37612.49854255558,3886,2585,6734169.08,68145,1234,12402327.343560537,11361994.074441452,6118402.788451126,5510230.705549484,VehGas
test,B1,32186.0,18812.38576615016,1654,1333,2066316.35,31893,293,5806439.249393004,5461554.971072672,3040277.732044132,2830538.945285632,VehBrand
test,B10,3515.0,1889.2188689273148,163,140,247609.11,3495,20,634434.1796576441,604585.3142161717,321790.31655094965,308430.7223777531,VehBrand
test,B11,2620.0,1308.766052099708,160,147,1095153.06,2608,12,634346.7844612118,548266.7161026807,288997.43051958014,246054.65209817415,VehBrand
test,B12,33166.0,12921.111608653342,1788,836,1652056.6,32258,908,5087175.137332249,4535261.231716583,1939447.2804964804,1746339.8701496446,VehBrand
test,B13,2458.0,1360.0405726476533,131,110,191421.94999999998,2438,20,623042.8273082002,431178.9910819048,318891.24630422256,222296.88295024156,VehBrand
test,B14,813.0,452.2728243131971,43,32,71715.96,804,9,80023.23999717337,104065.1659234221,41572.64500318438,53924.529969143434,VehBrand
test,B2,32038.0,19085.5028370387,1649,1327,2507688.9899999998,31732,305,5963301.022445441,5646869.762971182,3196152.92089055,2965534.7932144254,VehBrand
test,B3,10850.0,5825.011500860843,586,509,1315494.26,10774,76,2341641.6625003056,2150623.818043395,1114475.6980944267,1037512.1694739358,VehBrand
test,B4,4970.0,2708.0024380567406,270,218,319852.36,4922,48,1231459.9360020242,889967.1170626595,597310.8375327524,443244.28754160553,VehBrand
test,B5,6870.0,4004.3243334081894,403,333,597442.8200000001,6801,69,1153114.972527638,1206605.2972662724,600985.6742152998,615947.0913046427,VehBrand
test,B6,5760.0,3142.6716782693316,328,285,454551.54,5718,42,829312.611443537,982267.8270273735,409326.73661499465,476582.67335550825,VehBrand
train,B1,97811.0,57354.795687551465,5343,4231,9474805.15,96764,1047,17483484.156597342,16509336.749840291,9301474.944130085,8657481.719675912,VehBrand
train,B10,10757.0,5738.643812411108,525,474,824290.71,10709,48,1923092.47681468,1812900.219447462,965206.8469984175,907053.6308544498,VehBrand
train,B11,8218.0,4165.6025570776255,406,376,869291.56,8188,30,1979678.6556790823,1715607.0971222145,920169.7427869237,782151.1299548919,VehBrand
train,B12,99681.0,38989.30435062505,5343,2560,5581679.2700000005,97038,2643,15095468.153635863,13575110.973678298,5789504.418644588,5255007.071943662,VehBrand
train,B13,7246.0,4033.238460214088,386,316,825052.35,7181,65,1824550.0059363758,1250877.849371024,942816.2280676557,642139.2061054177,VehBrand
train,B14,2439.0,1379.7147817950445,86,68,114369.34,2421,18,230229.18531994353,289492.45112835313,122818.51708345143,154200.3902373633,VehBrand
train,B2,95860.0,56921.99039074781,5165,4118,12215236.42,94878,982,17727162.578296944,16734338.90639796,9457658.516445786,8736845.625149462,VehBrand
train,B3,31891.0,17043.178338198966,1665,1427,3093451.21,31670,221,6804021.481489911,6389478.301116971,3212844.1956573483,3019722.904708428,VehBrand
train,B4,15087.0,8253.586451830226,786,669,1646886.39,14973,114,3745876.0333194,2701521.871170099,1863062.905062027,1368400.0197115494,VehBrand
train,B5,20995.0,12050.715801332435,1185,970,1728721.33,20799,196,3551791.271324569,3777652.2024811814,1843895.7177568746,1951059.170589524,VehBrand
train,B6,17096.0,9430.14012276368,864,736,1132054.13,16973,123,2511920.1313032056,2909031.7948728506,1239026.1640433078,1435638.5555875383,VehBrand
validation,B1,32739.0,19183.878124111085,1680,1334,2921256.64,32411,328,5851729.233852102,5542718.846209199,3099829.5249989894,2880918.0526435026,VehBrand
validation,B10,3435.0,1868.15144172468,170,151,611401.49,3418,17,615093.7813851128,592476.6845966678,320329.755423902,307394.6759378581,VehBrand
validation,B11,2747.0,1413.4486698106145,155,141,264475.75,2734,13,649818.8491711612,576641.514997474,302348.4268326055,263451.24005240144,VehBrand
validation,B12,33177.0,12898.192759188561,1728,804,1513358.71,32298,879,5052863.889536911,4547090.2171335025,1927180.0307980753,1748017.8211278513,VehBrand
validation,B13,2474.0,1378.7531828729695,132,113,145155.26,2457,17,638729.9708412546,438351.66674306634,323470.90383609827,226203.02280052772,VehBrand
validation,B14,795.0,442.4801369863014,37,31,35667.39,789,6,78002.87728117021,104541.19403276706,39528.514620695736,52397.762736877296,VehBrand
validation,B2,31963.0,18856.56387304439,1746,1360,4078319.49,31609,354,5966680.749008741,5665820.832890555,3165969.2594864285,2926617.1464792644,VehBrand
validation,B3,10654.0,5724.686492252414,567,493,789036.6,10584,70,2292230.4409074076,2079840.5699944876,1089948.022202567,1007323.3733926289,VehBrand
validation,B4,5122.0,2813.9071899094242,256,212,579612.46,5083,39,1277019.0500860559,916419.0083309032,641558.8072332893,467322.9972684145,VehBrand
validation,B5,6888.0,3937.022560071862,432,359,574883.78,6818,70,1148295.1446366291,1256524.8806497287,595980.5704427538,638434.4473029313,VehBrand
validation,B6,5692.0,3112.1417980387755,270,231,370908.07,5658,34,863636.5115812412,964366.8502960515,424752.5520950395,478907.5756484767,VehBrand
test,A,20583.0,12230.957375552061,1001,690,1223024.98,20291,292,3155452.8679585913,2831409.3877256103,1743783.2790055736,1529544.8830696084,Area
test,B,15062.0,8603.476594056441,752,534,1062880.53,14854,208,2516810.215952836,2285850.5784890214,1326181.4454925247,1165346.749281183,Area
test,C,38331.0,20884.516439853283,1914,1348,2492319.43,37795,536,6235226.258397568,5947510.9235335,3139936.125132222,2979952.7581511224,Area
test,D,30155.0,15370.254949472266,1719,1333,2560852.4899999998,29792,362,6073770.20940734,5483963.395108575,2851964.914237396,2592423.959432591,Area
test,E,27447.0,12760.444155251142,1569,1233,3001120.5100000002,27127,320,5751609.590946688,5348463.339312304,2521707.5689812517,2384691.01943374,Area
test,F,3668.0,1659.658966239988,220,132,179105.06,3584,84,651422.4804054053,664048.5883153053,285655.1854176052,294447.2483524619,Area
train,A,62613.0,37389.74512538363,3071,2008,5252864.77,61609,1004,9370407.321505478,8515750.094168276,5219881.892394644,4614878.30521315,Area
train,B,45279.0,25758.112842278613,2267,1568,6872612.54,44618,661,7488619.317409473,6662191.318228489,3974063.822991049,3460298.465632397,Area
train,C,115071.0,62772.547873343814,5980,4342,9662386.64,113526,1545,18705728.057571627,18046947.179060124,9439291.503740914,9020268.791236902,Area
train,D,91064.0,46265.06563140954,5060,3879,7865794.39,89956,1108,18258509.27953665,16485712.878512876,8602316.51259243,7780187.0300658485,Area
train,E,82271.0,38271.5049689348,4682,3660,7047046.27,81297,974,17081968.119647473,15970765.49606844,7564907.913227329,7153614.706332547,Area
train,F,10783.0,4903.934313197095,694,488,805133.25,10588,195,1972042.0340466138,1983981.4505885013,858016.5517301001,880452.126037353,Area
validation,A,20761.0,12348.675211467924,991,666,1263740.92,20463,298,3134207.2411715155,2896304.720770589,1738257.0269129435,1547936.150776712,Area
validation,B,15118.0,8650.734494348379,781,531,938486.45,14881,237,2513050.5540733594,2299889.9565099855,1361341.8641441753,1191833.7920590602,Area
validation,C,38478.0,20791.93947151733,1981,1403,2457366.36,37933,545,6267064.166920713,5985426.75308348,3153610.225309069,2989234.3329172223,Area
validation,D,30377.0,15484.871110861592,1649,1246,4059854.2800000003,29998,379,6118882.975633409,5511058.8834634,2864144.882760181,2596161.954481823,Area
validation,E,27449.0,12787.36514559473,1554,1229,2969259.52,27144,305,5748441.678057585,5342886.799325818,2535030.280953026,2390149.590582841,Area
validation,F,3503.0,1565.6407942211245,217,154,195368.11000000002,3440,63,652453.8824312043,649225.1527211287,278512.08789105003,281672.29457307566,Area
test,New,11622.0,3347.2178164533275,1038,222,417499.55,10850,772,1903856.8995832885,1720963.2450009158,538223.7306345179,493607.27239747246,vehicle_age_band
test,1–5,52393.0,26838.851583202337,2440,1944,3947593.44,51924,468,9098824.335467463,8109163.418633889,4458601.737774813,3999521.630448722,vehicle_age_band
test,6–10,34242.0,19775.508891384085,1976,1635,3705061.59,33916,326,6389160.641241563,6094107.881760713,3286086.712092924,3201721.080046698,vehicle_age_band
test,11–20,35298.0,20504.95176360506,1662,1421,2392673.55,35071,227,6808695.535624647,6451238.480855164,3482863.5938856816,3154357.9679113748,vehicle_age_band
test,21+,1691.0,1042.7784257803728,59,48,56474.87,1682,9,183754.21115146857,185773.1862336341,103452.74387863692,97198.66691644026,vehicle_age_band
train,New,34611.0,10021.769826334306,3149,744,1469299.59,32331,2280,5705050.305529125,5157668.322743896,1637860.7318813824,1490307.4983509788,vehicle_age_band
train,1–5,157813.0,80804.48914215136,7538,5990,12817116.76,156352,1461,27197612.16832211,24248109.158734318,13372172.469629178,11973611.622642925,vehicle_age_band
train,6–10,102829.0,59291.73289842054,5880,4786,9051627.02,101792,1037,18999098.575138353,18231092.29338302,9868114.752609024,9568387.007724773,vehicle_age_band
train,11–20,106828.0,62150.696098510365,5028,4304,13831651.83,106155,673,20432865.76674186,19489349.30064243,10469579.686375242,9590708.09563829,vehicle_age_band
train,21+,5000.0,3092.222789130923,159,121,336142.66000000003,4964,36,542647.3139858682,539129.3411230396,310750.5561816381,286685.2001612297,vehicle_age_band
validation,New,11506.0,3350.0410861591436,1018,215,458118.28,10743,763,1912845.8965078602,1699399.2469727483,556139.6738732678,495609.33534818736,vehicle_age_band
validation,1–5,52692.0,26853.80966988547,2464,1976,3742933.95,52230,462,9078388.159845209,8115132.345944153,4449789.290967688,3998388.989951053,vehicle_age_band
validation,6–10,34523.0,19941.6745707014,1990,1588,3048383.26,34157,366,6414613.8250263715,6136130.838718653,3335269.4235882233,3232217.195311423,vehicle_age_band
validation,11–20,35334.0,20471.486151658057,1643,1412,4594413.37,35115,219,6853407.768047,6566445.714343475,3490924.052439482,3185253.6981297852,vehicle_age_band
validation,21+,1631.0,1012.2147496070065,58,38,40226.78,1614,17,174844.8488613459,167684.1198953741,98773.92710178289,85518.89665028566,vehicle_age_band
test,10,6306.0,3113.0905748933305,367,239,691130.92,6180,126,1348182.3261880083,1081097.4831604927,636325.7299883353,507255.530996432,vehicle_power_band
test,11,3565.0,1640.8415936821618,167,134,211041.15,3532,33,628592.6678925604,591441.6073695956,271781.24638462014,261395.89059757043,vehicle_power_band
test,12,3320.0,1574.2271951493376,155,131,244527.38999999998,3298,22,769790.5390382541,558375.5592052921,344112.23765605607,250832.87969953372,vehicle_power_band
test,4,23086.0,12064.670050902014,1175,861,1491266.31,22789,297,3663174.9954389012,3527668.653840208,1750700.6444750703,1686860.115241625,vehicle_power_band
test,5,24790.0,13554.341183471817,1427,989,1653162.02,24377,413,3825535.3079120293,4234955.975040256,1929971.5456375545,2108990.8263710244,vehicle_power_band
test,6,29753.0,16509.035392619207,1661,1239,2070639.1199999999,29359,394,6104109.451345345,5159063.897079473,3076108.183287834,2610325.231668506,vehicle_power_band
test,7,29083.0,15504.7738655588,1526,1142,3317243.64,28721,362,4575604.783119753,4754662.123257982,2257944.4992974736,2318718.683438549,vehicle_power_band
test,8,9402.0,4513.65958604686,346,302,503117.08,9360,41,1510633.582432464,1560810.2387360581,686101.0064074582,699648.40862761,vehicle_power_band
test,9,5941.0,3034.669038101654,351,233,337175.37,5827,114,1958667.969701113,1093170.6747949594,916183.4251321713,502379.05107985635,vehicle_power_band
train,10,18768.0,9175.576409162362,1070,736,1829257.97,18444,324,3940810.9545859224,3184074.7617069143,1853734.8330690034,1497003.5475640036,vehicle_power_band
train,11,11129.0,5162.318621902837,560,434,795349.37,11006,123,1848459.0588545436,1820395.3100870322,824123.3402016375,806364.4809495893,vehicle_power_band
train,12,10055.0,4714.45148813534,444,372,936731.68,9987,68,2305496.365511015,1685109.9893268598,1037956.7006972687,755410.7706928267,vehicle_power_band
train,4,69318.0,36178.03846769968,3370,2340,4797706.58,68352,966,10823267.034183385,10477674.943884846,5167626.044758935,4974546.769519606,vehicle_power_band
train,5,75012.0,40980.54379893705,4365,3114,5361323.88,73816,1196,11636637.161945585,12699013.47975021,5859074.528241078,6362883.28003326,vehicle_power_band
train,6,89547.0,49492.86808743169,5132,3884,9579214.76,88370,1177,18210063.597773936,15489974.961238958,9216953.848994585,7833878.288840803,vehicle_power_band
train,7,87114.0,46792.73643087057,4575,3320,6792455.3,85939,1175,13713119.113849908,14319669.26973994,6842689.731696904,7039946.6561929295,vehicle_power_band
train,8,28010.0,13610.640234298975,1176,1000,1908360.78,27845,165,4421402.686171078,4591061.805205488,2037447.6094702042,2083604.4957498787,vehicle_power_band
train,9,18128.0,9253.73721610899,1062,745,5505437.54,17835,293,5978018.156841943,3398373.8956864565,2818871.5595468483,1556061.1349753002,vehicle_power_band
validation,10,6280.0,3086.3438401077924,352,242,332923.44,6178,102,1318347.2774386094,1064947.705708939,616207.5172401292,496656.64155768655,vehicle_power_band
validation,11,3658.0,1694.6182363949397,170,146,305741.64,3637,21,618565.3571562809,614938.0738786535,276895.7374658339,272337.78051411425,vehicle_power_band
validation,12,3344.0,1583.494545250393,156,129,282620.22,3318,26,778476.3188550168,567188.3716351727,350207.6560535658,258226.00891334412,vehicle_power_band
validation,4,22945.0,11830.928785088705,1154,802,3121110.54,22606,339,3642172.8107898165,3568720.9081952088,1714270.8952218283,1660630.320071175,vehicle_power_band
validation,5,25019.0,13638.463838610674,1486,1012,1823261.24,24584,435,3896491.469503382,4258392.024965711,1963011.483367056,2126213.6075554825,vehicle_power_band
validation,6,29676.0,16522.306692117672,1588,1182,2736092.95,29292,384,6040381.888576716,5061561.571725867,3094735.3932658583,2596188.1899580057,vehicle_power_band
validation,7,29204.0,15652.94640392245,1526,1131,2316698.22,28831,373,4624531.629266762,4829746.765183586,2290444.195851138,2363071.7703507096,vehicle_power_band
validation,8,9544.0,4560.316484766824,400,343,543187.65,9491,53,1524750.8401264837,1591114.1221379384,693529.4520341521,711936.6817646741,vehicle_power_band
validation,9,6016.0,3059.8074017516283,341,242,422439.74,5922,94,1990382.9065747175,1128182.7224433273,931594.0374708831,511727.1147055427,vehicle_power_band
test,50,76594.0,44820.81312523392,3516,2258,3908846.77,75411,1183,9210790.686774107,8259517.431884829,5375474.276339743,4689866.565683419,bonus_malus_band
test,51–75,34758.0,17008.35516281159,1903,1541,3036387.22,34410,348,5069151.617511327,6256103.81525823,2464201.921207236,3103412.493309886,bonus_malus_band
test,76–100,22297.0,8943.40528332959,1468,1201,3081016.61,22042,254,8505147.522638945,6927868.371835011,3313860.225774169,2625127.978517493,bonus_malus_band
test,101+,1597.0,736.7349090500786,288,270,493052.39999999997,1580,17,1599201.7961440498,1117756.593506247,715692.0949454245,527999.5802099094,bonus_malus_band
train,50,231123.0,135664.16448012576,10925,7002,13798348.66,227415,3708,27796275.694163557,24891418.957534604,16272654.749478742,14165239.984349465,bonus_malus_band
train,51–75,104980.0,50788.13185642638,5786,4743,9742690.03,103988,992,15355437.97906698,18750750.927261144,7385869.476169192,9236443.919998486,bonus_malus_band
train,76–100,66344.0,26773.394391047234,4252,3456,12446467.15,65600,744,25245681.040892273,20660239.29358705,9929709.1123011,7886884.86001615,bonus_malus_band
train,101+,4634.0,2135.220026948125,791,744,1518332.02,4591,43,4479879.415594506,3362939.238243908,2070244.8587274302,1621130.6601540942,bonus_malus_band
validation,50,76439.0,44748.1532974025,3615,2332,4575198.59,75234,1205,9211248.18969943,8239184.02991441,5376199.352054501,4678923.31250724,bonus_malus_band
validation,51–75,35274.0,17078.170278463956,1925,1548,2863537.63,34922,352,5149238.422322777,6289291.036066226,2481012.304319917,3107813.130764772,bonus_malus_band
validation,76–100,22410.0,9103.538585223445,1370,1107,3896794.2800000003,22159,251,8541043.887377506,7039448.148762496,3384584.482397732,2684623.7874314906,bonus_malus_band
validation,101+,1563.0,699.3640669211767,263,242,548545.14,1544,19,1532569.9988880723,1116869.051131271,689100.229198294,525627.8846872317,bonus_malus_band
