driver_age_band,Region,VehBrand,VehGas,policies,recorded_claims
18–24,R11,B1,Diesel,88,9
18–24,R11,B1,Regular,171,11
18–24,R11,B10,Diesel,1,0
18–24,R11,B10,Regular,1,0
18–24,R11,B11,Diesel,4,0
18–24,R11,B11,Regular,27,2
18–24,R11,B12,Diesel,138,7
18–24,R11,B12,Regular,284,17
18–24,R11,B13,Diesel,8,1
18–24,R11,B13,Regular,8,1
18–24,R11,B14,Regular,4,0
18–24,R11,B2,Diesel,107,6
18–24,R11,B2,Regular,193,16
18–24,R11,B3,Diesel,87,10
18–24,R11,B3,Regular,88,4
18–24,R11,B4,Diesel,18,0
18–24,R11,B4,Regular,35,2
18–24,R11,B5,Diesel,10,0
18–24,R11,B5,Regular,34,6
18–24,R11,B6,Diesel,23,3
18–24,R11,B6,Regular,31,2
18–24,R21,B1,Diesel,5,1
18–24,R21,B1,Regular,4,1
18–24,R21,B12,Diesel,20,0
18–24,R21,B12,Regular,8,0
18–24,R21,B2,Diesel,4,0
18–24,R21,B2,Regular,3,0
18–24,R21,B3,Diesel,5,1
18–24,R21,B3,Regular,4,2
18–24,R21,B6,Regular,2,0
18–24,R22,B1,Diesel,13,2
18–24,R22,B1,Regular,33,2
18–24,R22,B11,Diesel,2,1
18–24,R22,B11,Regular,4,2
18–24,R22,B12,Diesel,27,1
18–24,R22,B12,Regular,31,1
18–24,R22,B13,Regular,6,0
18–24,R22,B14,Regular,2,0
18–24,R22,B2,Diesel,37,2
18–24,R22,B2,Regular,45,2
18–24,R22,B3,Diesel,25,3
18–24,R22,B3,Regular,9,1
18–24,R22,B4,Diesel,9,1
18–24,R22,B4,Regular,10,1
18–24,R22,B5,Diesel,13,0
18–24,R22,B5,Regular,15,3
18–24,R22,B6,Diesel,5,1
18–24,R22,B6,Regular,9,1
18–24,R23,B1,Diesel,31,1
18–24,R23,B1,Regular,45,3
18–24,R23,B11,Diesel,4,0
18–24,R23,B11,Regular,1,0
18–24,R23,B12,Diesel,16,2
18–24,R23,B12,Regular,16,1
18–24,R23,B14,Regular,1,0
18–24,R23,B2,Diesel,19,2
18–24,R23,B2,Regular,24,2
18–24,R23,B3,Diesel,9,0
18–24,R23,B3,Regular,7,0
18–24,R23,B4,Regular,15,0
18–24,R23,B5,Diesel,8,0
18–24,R23,B5,Regular,5,0
18–24,R23,B6,Diesel,9,0
18–24,R23,B6,Regular,7,0
18–24,R24,B1,Diesel,649,44
18–24,R24,B1,Regular,1070,72
18–24,R24,B10,Diesel,39,2
18–24,R24,B10,Regular,4,0
18–24,R24,B11,Diesel,41,2
18–24,R24,B11,Regular,86,9
18–24,R24,B12,Diesel,40,0
18–24,R24,B12,Regular,72,3
18–24,R24,B13,Diesel,28,1
18–24,R24,B13,Regular,31,0
18–24,R24,B14,Diesel,5,0
18–24,R24,B14,Regular,13,0
18–24,R24,B2,Diesel,839,54
18–24,R24,B2,Regular,1106,80
18–24,R24,B3,Diesel,334,22
18–24,R24,B3,Regular,352,21
18–24,R24,B4,Diesel,104,5
18–24,R24,B4,Regular,166,6
18–24,R24,B5,Diesel,182,13
18–24,R24,B5,Regular,205,19
18–24,R24,B6,Diesel,99,5
18–24,R24,B6,Regular,182,10
18–24,R25,B1,Diesel,40,4
18–24,R25,B1,Regular,64,4
18–24,R25,B10,Diesel,2,0
18–24,R25,B11,Diesel,4,0
18–24,R25,B11,Regular,11,1
18–24,R25,B12,Diesel,5,0
18–24,R25,B12,Regular,32,2
18–24,R25,B13,Diesel,1,0
18–24,R25,B13,Regular,1,0
18–24,R25,B2,Diesel,52,2
18–24,R25,B2,Regular,61,4
18–24,R25,B3,Diesel,25,0
18–24,R25,B3,Regular,21,1
18–24,R25,B4,Diesel,11,0
18–24,R25,B4,Regular,15,0
18–24,R25,B5,Diesel,27,3
18–24,R25,B5,Regular,14,1
18–24,R25,B6,Diesel,15,1
18–24,R25,B6,Regular,8,0
18–24,R26,B1,Diesel,21,2
18–24,R26,B1,Regular,62,4
18–24,R26,B10,Diesel,3,0
18–24,R26,B11,Diesel,2,0
18–24,R26,B11,Regular,1,0
18–24,R26,B12,Diesel,21,0
18–24,R26,B12,Regular,62,0
18–24,R26,B13,Regular,1,0
18–24,R26,B14,Regular,1,1
18–24,R26,B2,Diesel,34,0
18–24,R26,B2,Regular,60,1
18–24,R26,B3,Diesel,12,4
18–24,R26,B3,Regular,15,2
18–24,R26,B4,Diesel,2,1
18–24,R26,B4,Regular,17,1
18–24,R26,B5,Diesel,1,0
18–24,R26,B5,Regular,14,4
18–24,R26,B6,Regular,17,2
18–24,R31,B1,Diesel,95,4
18–24,R31,B1,Regular,87,6
18–24,R31,B10,Diesel,6,0
18–24,R31,B10,Regular,6,0
18–24,R31,B11,Diesel,9,0
18–24,R31,B11,Regular,10,0
18–24,R31,B12,Diesel,85,0
18–24,R31,B12,Regular,112,1
18–24,R31,B13,Diesel,7,0
18–24,R31,B2,Diesel,105,7
18–24,R31,B2,Regular,84,13
18–24,R31,B3,Diesel,74,8
18–24,R31,B3,Regular,63,8
18–24,R31,B4,Diesel,36,3
18–24,R31,B4,Regular,19,1
18–24,R31,B5,Diesel,32,1
18–24,R31,B5,Regular,45,6
18–24,R31,B6,Diesel,10,1
18–24,R31,B6,Regular,20,1
18–24,R41,B1,Diesel,21,0
18–24,R41,B1,Regular,31,0
18–24,R41,B10,Diesel,1,0
18–24,R41,B11,Regular,6,0
18–24,R41,B12,Diesel,20,0
18–24,R41,B12,Regular,60,1
18–24,R41,B2,Diesel,47,2
18–24,R41,B2,Regular,45,3
18–24,R41,B3,Diesel,19,2
18–24,R41,B3,Regular,14,1
18–24,R41,B4,Diesel,6,0
18–24,R41,B4,Regular,14,1
18–24,R41,B5,Diesel,9,2
18–24,R41,B5,Regular,18,0
18–24,R41,B6,Diesel,5,0
18–24,R41,B6,Regular,5,0
18–24,R42,B1,Diesel,5,0
18–24,R42,B1,Regular,5,1
18–24,R42,B11,Diesel,1,1
18–24,R42,B11,Regular,1,0
18–24,R42,B12,Diesel,9,0
18–24,R42,B12,Regular,19,0
18–24,R42,B2,Diesel,5,1
18–24,R42,B2,Regular,2,0
18–24,R42,B3,Diesel,6,0
18–24,R42,B3,Regular,2,0
18–24,R42,B4,Diesel,1,0
18–24,R42,B4,Regular,4,0
18–24,R42,B5,Diesel,1,0
18–24,R43,B1,Diesel,6,0
18–24,R43,B1,Regular,11,1
18–24,R43,B11,Diesel,2,0
18–24,R43,B12,Diesel,9,1
18–24,R43,B12,Regular,3,0
18–24,R43,B13,Diesel,2,0
18–24,R43,B2,Diesel,9,1
18–24,R43,B2,Regular,11,0
18–24,R43,B3,Diesel,11,0
18–24,R43,B3,Regular,8,1
18–24,R43,B4,Regular,5,0
18–24,R43,B5,Regular,2,1
18–24,R43,B6,Diesel,6,0
18–24,R43,B6,Regular,5,0
18–24,R52,B1,Diesel,123,7
18–24,R52,B1,Regular,190,19
18–24,R52,B10,Diesel,10,0
18–24,R52,B10,Regular,3,0
18–24,R52,B11,Diesel,11,0
18–24,R52,B11,Regular,8,0
18–24,R52,B12,Diesel,15,0
18–24,R52,B12,Regular,32,1
18–24,R52,B13,Diesel,3,0
18–24,R52,B13,Regular,4,0
18–24,R52,B14,Diesel,1,0
18–24,R52,B14,Regular,2,1
18–24,R52,B2,Diesel,154,5
18–24,R52,B2,Regular,219,19
18–24,R52,B3,Diesel,62,5
18–24,R52,B3,Regular,76,9
18–24,R52,B4,Diesel,15,0
18–24,R52,B4,Regular,39,3
18–24,R52,B5,Diesel,26,2
18–24,R52,B5,Regular,32,2
18–24,R52,B6,Diesel,14,3
18–24,R52,B6,Regular,25,1
18–24,R53,B1,Diesel,122,7
18–24,R53,B1,Regular,196,14
18–24,R53,B10,Diesel,12,3
18–24,R53,B10,Regular,3,0
18–24,R53,B11,Diesel,4,0
18–24,R53,B11,Regular,19,0
18–24,R53,B12,Diesel,14,0
18–24,R53,B12,Regular,38,0
18–24,R53,B13,Diesel,2,0
18–24,R53,B13,Regular,13,1
18–24,R53,B2,Diesel,173,20
18–24,R53,B2,Regular,164,10
18–24,R53,B3,Diesel,104,6
18–24,R53,B3,Regular,67,2
18–24,R53,B4,Diesel,21,1
18–24,R53,B4,Regular,40,2
18–24,R53,B5,Diesel,29,4
18–24,R53,B5,Regular,41,6
18–24,R53,B6,Diesel,10,1
18–24,R53,B6,Regular,42,4
18–24,R54,B1,Diesel,65,4
18–24,R54,B1,Regular,81,10
18–24,R54,B10,Diesel,3,2
18–24,R54,B11,Diesel,1,0
18–24,R54,B11,Regular,9,5
18–24,R54,B12,Diesel,16,1
18–24,R54,B12,Regular,20,0
18–24,R54,B13,Diesel,7,1
18–24,R54,B13,Regular,9,1
18–24,R54,B14,Diesel,1,0
18–24,R54,B14,Regular,3,0
18–24,R54,B2,Diesel,72,5
18–24,R54,B2,Regular,95,8
18–24,R54,B3,Diesel,47,2
18–24,R54,B3,Regular,43,2
18–24,R54,B4,Diesel,12,0
18–24,R54,B4,Regular,34,2
18–24,R54,B5,Diesel,23,2
18–24,R54,B5,Regular,21,0
18–24,R54,B6,Diesel,22,4
18–24,R54,B6,Regular,18,3
18–24,R72,B1,Diesel,70,5
18–24,R72,B1,Regular,79,3
18–24,R72,B10,Diesel,3,0
18–24,R72,B10,Regular,1,0
18–24,R72,B11,Diesel,8,1
18–24,R72,B11,Regular,1,0
18–24,R72,B12,Diesel,54,0
18–24,R72,B12,Regular,70,3
18–24,R72,B13,Diesel,3,0
18–24,R72,B13,Regular,1,0
18–24,R72,B14,Regular,3,0
18–24,R72,B2,Diesel,94,9
18–24,R72,B2,Regular,86,9
18–24,R72,B3,Diesel,39,5
18–24,R72,B3,Regular,47,4
18–24,R72,B4,Diesel,21,3
18–24,R72,B4,Regular,29,2
18–24,R72,B5,Diesel,27,0
18–24,R72,B5,Regular,32,2
18–24,R72,B6,Diesel,8,1
18–24,R72,B6,Regular,37,0
18–24,R73,B1,Diesel,11,1
18–24,R73,B1,Regular,14,0
18–24,R73,B10,Diesel,1,0
18–24,R73,B10,Regular,3,0
18–24,R73,B11,Regular,4,0
18–24,R73,B12,Diesel,63,0
18–24,R73,B12,Regular,42,0
18–24,R73,B2,Diesel,28,0
18–24,R73,B2,Regular,37,2
18–24,R73,B3,Diesel,7,1
18–24,R73,B3,Regular,16,1
18–24,R73,B4,Diesel,3,0
18–24,R73,B4,Regular,2,1
18–24,R73,B5,Diesel,8,0
18–24,R73,B5,Regular,7,0
18–24,R73,B6,Diesel,4,1
18–24,R73,B6,Regular,2,0
18–24,R74,B1,Diesel,10,1
18–24,R74,B1,Regular,1,0
18–24,R74,B11,Diesel,1,0
18–24,R74,B12,Diesel,14,0
18–24,R74,B12,Regular,11,0
18–24,R74,B2,Diesel,11,0
18–24,R74,B2,Regular,7,0
18–24,R74,B3,Diesel,14,3
18–24,R74,B3,Regular,7,0
18–24,R74,B4,Regular,6,1
18–24,R74,B5,Regular,4,0
18–24,R74,B6,Regular,2,0
18–24,R82,B1,Diesel,164,10
18–24,R82,B1,Regular,333,27
18–24,R82,B10,Diesel,11,1
18–24,R82,B10,Regular,6,0
18–24,R82,B11,Diesel,11,1
18–24,R82,B11,Regular,41,6
18–24,R82,B12,Diesel,81,0
18–24,R82,B12,Regular,178,5
18–24,R82,B13,Diesel,5,0
18–24,R82,B13,Regular,13,1
18–24,R82,B14,Diesel,2,0
18–24,R82,B14,Regular,6,0
18–24,R82,B2,Diesel,207,18
18–24,R82,B2,Regular,384,53
18–24,R82,B3,Diesel,145,9
18–24,R82,B3,Regular,153,20
18–24,R82,B4,Diesel,45,4
18–24,R82,B4,Regular,111,3
18–24,R82,B5,Diesel,33,6
18–24,R82,B5,Regular,60,7
18–24,R82,B6,Diesel,44,3
18–24,R82,B6,Regular,95,5
18–24,R83,B1,Diesel,14,3
18–24,R83,B1,Regular,10,1
18–24,R83,B11,Diesel,1,0
18–24,R83,B12,Diesel,15,2
18–24,R83,B12,Regular,29,0
18–24,R83,B13,Diesel,3,0
18–24,R83,B2,Diesel,6,0
18–24,R83,B2,Regular,11,0
18–24,R83,B3,Diesel,6,1
18–24,R83,B3,Regular,5,0
18–24,R83,B4,Diesel,2,0
18–24,R83,B4,Regular,5,0
18–24,R83,B5,Diesel,1,0
18–24,R83,B5,Regular,2,0
18–24,R83,B6,Diesel,13,0
18–24,R83,B6,Regular,2,0
18–24,R91,B1,Diesel,77,4
18–24,R91,B1,Regular,116,7
18–24,R91,B10,Diesel,8,0
18–24,R91,B11,Diesel,5,0
18–24,R91,B11,Regular,3,0
18–24,R91,B12,Diesel,41,1
18–24,R91,B12,Regular,114,3
18–24,R91,B13,Diesel,4,0
18–24,R91,B13,Regular,2,0
18–24,R91,B2,Diesel,76,3
18–24,R91,B2,Regular,151,4
18–24,R91,B3,Diesel,47,3
18–24,R91,B3,Regular,44,3
18–24,R91,B4,Diesel,8,0
18–24,R91,B4,Regular,19,0
18–24,R91,B5,Diesel,30,1
18–24,R91,B5,Regular,21,1
18–24,R91,B6,Diesel,15,3
18–24,R91,B6,Regular,18,0
18–24,R93,B1,Diesel,99,6
18–24,R93,B1,Regular,179,20
18–24,R93,B10,Diesel,5,1
18–24,R93,B10,Regular,1,0
18–24,R93,B11,Diesel,13,4
18–24,R93,B11,Regular,9,2
18–24,R93,B12,Diesel,98,4
18–24,R93,B12,Regular,145,7
18–24,R93,B13,Diesel,11,0
18–24,R93,B13,Regular,11,0
18–24,R93,B2,Diesel,124,10
18–24,R93,B2,Regular,171,13
18–24,R93,B3,Diesel,108,10
18–24,R93,B3,Regular,140,8
18–24,R93,B4,Diesel,19,2
18–24,R93,B4,Regular,62,6
18–24,R93,B5,Diesel,14,2
18–24,R93,B5,Regular,31,1
18–24,R93,B6,Diesel,21,4
18–24,R93,B6,Regular,83,6
18–24,R94,B1,Diesel,1,0
18–24,R94,B1,Regular,15,4
18–24,R94,B11,Diesel,2,1
18–24,R94,B11,Regular,2,1
18–24,R94,B12,Diesel,14,0
18–24,R94,B12,Regular,39,2
18–24,R94,B2,Diesel,8,0
18–24,R94,B2,Regular,2,0
18–24,R94,B3,Diesel,10,0
18–24,R94,B3,Regular,5,1
18–24,R94,B4,Regular,3,0
18–24,R94,B5,Diesel,4,0
18–24,R94,B6,Regular,5,0
25–34,R11,B1,Diesel,628,31
25–34,R11,B1,Regular,902,50
25–34,R11,B10,Diesel,55,0
25–34,R11,B10,Regular,45,0
25–34,R11,B11,Diesel,67,4
25–34,R11,B11,Regular,121,10
25–34,R11,B12,Diesel,1564,45
25–34,R11,B12,Regular,2631,72
25–34,R11,B13,Diesel,60,3
25–34,R11,B13,Regular,66,3
25–34,R11,B14,Diesel,25,3
25–34,R11,B14,Regular,49,0
25–34,R11,B2,Diesel,510,31
25–34,R11,B2,Regular,777,24
25–34,R11,B3,Diesel,363,20
25–34,R11,B3,Regular,390,18
25–34,R11,B4,Diesel,123,9
25–34,R11,B4,Regular,174,8
25–34,R11,B5,Diesel,182,3
25–34,R11,B5,Regular,205,13
25–34,R11,B6,Diesel,138,8
25–34,R11,B6,Regular,177,4
25–34,R21,B1,Diesel,20,0
25–34,R21,B1,Regular,21,0
25–34,R21,B10,Regular,6,0
25–34,R21,B11,Regular,4,0
25–34,R21,B12,Diesel,142,4
25–34,R21,B12,Regular,85,5
25–34,R21,B14,Regular,4,0
25–34,R21,B2,Diesel,16,0
25–34,R21,B2,Regular,25,0
25–34,R21,B3,Diesel,49,2
25–34,R21,B3,Regular,23,0
25–34,R21,B4,Diesel,3,0
25–34,R21,B4,Regular,5,0
25–34,R21,B5,Diesel,15,0
25–34,R21,B5,Regular,3,0
25–34,R21,B6,Diesel,8,0
25–34,R21,B6,Regular,3,0
25–34,R22,B1,Diesel,130,6
25–34,R22,B1,Regular,105,4
25–34,R22,B10,Diesel,10,0
25–34,R22,B10,Regular,3,0
25–34,R22,B11,Diesel,24,0
25–34,R22,B11,Regular,30,2
25–34,R22,B12,Diesel,290,8
25–34,R22,B12,Regular,181,6
25–34,R22,B13,Diesel,13,0
25–34,R22,B13,Regular,21,2
25–34,R22,B14,Diesel,6,0
25–34,R22,B14,Regular,1,0
25–34,R22,B2,Diesel,119,3
25–34,R22,B2,Regular,102,5
25–34,R22,B3,Diesel,110,5
25–34,R22,B3,Regular,48,3
25–34,R22,B4,Diesel,45,2
25–34,R22,B4,Regular,47,1
25–34,R22,B5,Diesel,25,0
25–34,R22,B5,Regular,35,2
25–34,R22,B6,Diesel,18,0
25–34,R22,B6,Regular,14,0
25–34,R23,B1,Diesel,184,6
25–34,R23,B1,Regular,137,6
25–34,R23,B10,Diesel,12,1
25–34,R23,B10,Regular,10,0
25–34,R23,B11,Diesel,6,0
25–34,R23,B11,Regular,11,0
25–34,R23,B12,Diesel,115,2
25–34,R23,B12,Regular,136,1
25–34,R23,B13,Diesel,22,2
25–34,R23,B13,Regular,4,0
25–34,R23,B14,Diesel,3,0
25–34,R23,B14,Regular,6,0
25–34,R23,B2,Diesel,169,2
25–34,R23,B2,Regular,104,1
25–34,R23,B3,Diesel,75,3
25–34,R23,B3,Regular,53,2
25–34,R23,B4,Diesel,25,1
25–34,R23,B4,Regular,26,1
25–34,R23,B5,Diesel,28,1
25–34,R23,B5,Regular,43,1
25–34,R23,B6,Diesel,16,0
25–34,R23,B6,Regular,26,1
25–34,R24,B1,Diesel,3161,129
25–34,R24,B1,Regular,2929,97
25–34,R24,B10,Diesel,284,10
25–34,R24,B10,Regular,61,4
25–34,R24,B11,Diesel,266,15
25–34,R24,B11,Regular,271,12
25–34,R24,B12,Diesel,265,6
25–34,R24,B12,Regular,376,11
25–34,R24,B13,Diesel,171,5
25–34,R24,B13,Regular,187,6
25–34,R24,B14,Diesel,31,1
25–34,R24,B14,Regular,94,1
25–34,R24,B2,Diesel,3414,113
25–34,R24,B2,Regular,2474,89
25–34,R24,B3,Diesel,1441,54
25–34,R24,B3,Regular,780,29
25–34,R24,B4,Diesel,410,21
25–34,R24,B4,Regular,501,15
25–34,R24,B5,Diesel,660,28
25–34,R24,B5,Regular,537,24
25–34,R24,B6,Diesel,414,25
25–34,R24,B6,Regular,425,18
25–34,R25,B1,Diesel,205,8
25–34,R25,B1,Regular,151,6
25–34,R25,B10,Diesel,6,0
25–34,R25,B10,Regular,1,0
25–34,R25,B11,Diesel,20,0
25–34,R25,B11,Regular,13,0
25–34,R25,B12,Diesel,91,1
25–34,R25,B12,Regular,98,0
25–34,R25,B13,Diesel,7,0
25–34,R25,B13,Regular,15,0
25–34,R25,B14,Diesel,1,0
25–34,R25,B14,Regular,5,0
25–34,R25,B2,Diesel,184,7
25–34,R25,B2,Regular,123,9
25–34,R25,B3,Diesel,90,5
25–34,R25,B3,Regular,43,2
25–34,R25,B4,Diesel,33,2
25–34,R25,B4,Regular,22,1
25–34,R25,B5,Diesel,44,2
25–34,R25,B5,Regular,22,0
25–34,R25,B6,Diesel,52,2
25–34,R25,B6,Regular,26,1
25–34,R26,B1,Diesel,133,3
25–34,R26,B1,Regular,120,0
25–34,R26,B10,Diesel,8,1
25–34,R26,B10,Regular,6,0
25–34,R26,B11,Diesel,8,0
25–34,R26,B11,Regular,25,1
25–34,R26,B12,Diesel,212,4
25–34,R26,B12,Regular,178,1
25–34,R26,B13,Diesel,26,0
25–34,R26,B13,Regular,13,1
25–34,R26,B14,Diesel,5,1
25–34,R26,B14,Regular,15,0
25–34,R26,B2,Diesel,134,5
25–34,R26,B2,Regular,178,3
25–34,R26,B3,Diesel,128,4
25–34,R26,B3,Regular,54,7
25–34,R26,B4,Diesel,13,0
25–34,R26,B4,Regular,12,0
25–34,R26,B5,Diesel,46,2
25–34,R26,B5,Regular,47,0
25–34,R26,B6,Diesel,24,0
25–34,R26,B6,Regular,26,0
25–34,R31,B1,Diesel,602,19
25–34,R31,B1,Regular,415,11
25–34,R31,B10,Diesel,62,0
25–34,R31,B10,Regular,9,0
25–34,R31,B11,Diesel,82,1
25–34,R31,B11,Regular,47,0
25–34,R31,B12,Diesel,805,12
25–34,R31,B12,Regular,625,20
25–34,R31,B13,Diesel,34,5
25–34,R31,B13,Regular,17,0
25–34,R31,B14,Diesel,1,0
25–34,R31,B14,Regular,15,1
25–34,R31,B2,Diesel,762,19
25–34,R31,B2,Regular,410,9
25–34,R31,B3,Diesel,400,23
25–34,R31,B3,Regular,168,7
25–34,R31,B4,Diesel,207,2
25–34,R31,B4,Regular,86,4
25–34,R31,B5,Diesel,189,8
25–34,R31,B5,Regular,125,2
25–34,R31,B6,Diesel,129,3
25–34,R31,B6,Regular,88,3
25–34,R41,B1,Diesel,76,4
25–34,R41,B1,Regular,71,1
25–34,R41,B10,Diesel,7,0
25–34,R41,B10,Regular,4,0
25–34,R41,B11,Diesel,16,1
25–34,R41,B11,Regular,16,1
25–34,R41,B12,Diesel,175,5
25–34,R41,B12,Regular,246,5
25–34,R41,B13,Diesel,2,0
25–34,R41,B13,Regular,13,0
25–34,R41,B14,Regular,6,0
25–34,R41,B2,Diesel,151,7
25–34,R41,B2,Regular,102,7
25–34,R41,B3,Diesel,49,1
25–34,R41,B3,Regular,53,1
25–34,R41,B4,Diesel,31,1
25–34,R41,B4,Regular,35,1
25–34,R41,B5,Diesel,30,3
25–34,R41,B5,Regular,62,1
25–34,R41,B6,Diesel,22,4
25–34,R41,B6,Regular,34,2
25–34,R42,B1,Diesel,53,3
25–34,R42,B1,Regular,18,0
25–34,R42,B11,Diesel,4,1
25–34,R42,B11,Regular,9,0
25–34,R42,B12,Diesel,35,4
25–34,R42,B12,Regular,67,2
25–34,R42,B13,Regular,2,0
25–34,R42,B2,Diesel,25,2
25–34,R42,B2,Regular,25,0
25–34,R42,B3,Diesel,11,0
25–34,R42,B3,Regular,6,0
25–34,R42,B4,Diesel,1,0
25–34,R42,B4,Regular,7,1
25–34,R42,B5,Diesel,12,1
25–34,R42,B5,Regular,13,0
25–34,R42,B6,Diesel,12,1
25–34,R42,B6,Regular,10,0
25–34,R43,B1,Diesel,29,0
25–34,R43,B1,Regular,21,0
25–34,R43,B10,Diesel,1,0
25–34,R43,B11,Diesel,1,0
25–34,R43,B12,Diesel,41,2
25–34,R43,B12,Regular,43,1
25–34,R43,B13,Diesel,4,0
25–34,R43,B14,Regular,1,0
25–34,R43,B2,Diesel,24,2
25–34,R43,B2,Regular,16,2
25–34,R43,B3,Diesel,23,0
25–34,R43,B3,Regular,4,0
25–34,R43,B4,Regular,3,0
25–34,R43,B5,Diesel,3,0
25–34,R43,B5,Regular,7,0
25–34,R43,B6,Diesel,5,0
25–34,R43,B6,Regular,3,0
25–34,R52,B1,Diesel,630,22
25–34,R52,B1,Regular,640,19
25–34,R52,B10,Diesel,76,4
25–34,R52,B10,Regular,14,1
25–34,R52,B11,Diesel,31,1
25–34,R52,B11,Regular,26,2
25–34,R52,B12,Diesel,265,9
25–34,R52,B12,Regular,216,2
25–34,R52,B13,Diesel,34,1
25–34,R52,B13,Regular,38,3
25–34,R52,B14,Diesel,9,0
25–34,R52,B14,Regular,16,0
25–34,R52,B2,Diesel,708,31
25–34,R52,B2,Regular,546,19
25–34,R52,B3,Diesel,288,14
25–34,R52,B3,Regular,233,3
25–34,R52,B4,Diesel,153,5
25–34,R52,B4,Regular,74,3
25–34,R52,B5,Diesel,143,4
25–34,R52,B5,Regular,140,2
25–34,R52,B6,Diesel,118,4
25–34,R52,B6,Regular,154,7
25–34,R53,B1,Diesel,693,30
25–34,R53,B1,Regular,550,18
25–34,R53,B10,Diesel,108,5
25–34,R53,B10,Regular,24,0
25–34,R53,B11,Diesel,63,2
25–34,R53,B11,Regular,61,2
25–34,R53,B12,Diesel,176,4
25–34,R53,B12,Regular,205,1
25–34,R53,B13,Diesel,59,5
25–34,R53,B13,Regular,25,0
25–34,R53,B14,Diesel,7,0
25–34,R53,B14,Regular,7,0
25–34,R53,B2,Diesel,790,38
25–34,R53,B2,Regular,411,12
25–34,R53,B3,Diesel,403,12
25–34,R53,B3,Regular,259,8
25–34,R53,B4,Diesel,136,1
25–34,R53,B4,Regular,118,3
25–34,R53,B5,Diesel,172,8
25–34,R53,B5,Regular,182,12
25–34,R53,B6,Diesel,80,1
25–34,R53,B6,Regular,120,5
25–34,R54,B1,Diesel,307,10
25–34,R54,B1,Regular,304,10
25–34,R54,B10,Diesel,50,2
25–34,R54,B10,Regular,18,1
25–34,R54,B11,Diesel,33,3
25–34,R54,B11,Regular,20,2
25–34,R54,B12,Diesel,120,3
25–34,R54,B12,Regular,100,2
25–34,R54,B13,Diesel,29,2
25–34,R54,B13,Regular,18,0
25–34,R54,B14,Diesel,6,0
25–34,R54,B14,Regular,30,0
25–34,R54,B2,Diesel,425,24
25–34,R54,B2,Regular,291,11
25–34,R54,B3,Diesel,157,2
25–34,R54,B3,Regular,103,3
25–34,R54,B4,Diesel,63,0
25–34,R54,B4,Regular,67,2
25–34,R54,B5,Diesel,85,4
25–34,R54,B5,Regular,95,4
25–34,R54,B6,Diesel,75,2
25–34,R54,B6,Regular,89,1
25–34,R72,B1,Diesel,451,12
25–34,R72,B1,Regular,376,13
25–34,R72,B10,Diesel,52,2
25–34,R72,B10,Regular,12,1
25–34,R72,B11,Diesel,65,1
25–34,R72,B11,Regular,33,0
25–34,R72,B12,Diesel,434,14
25–34,R72,B12,Regular,470,12
25–34,R72,B13,Diesel,26,1
25–34,R72,B13,Regular,38,0
25–34,R72,B14,Diesel,13,0
25–34,R72,B14,Regular,6,0
25–34,R72,B2,Diesel,595,18
25–34,R72,B2,Regular,364,7
25–34,R72,B3,Diesel,270,11
25–34,R72,B3,Regular,170,6
25–34,R72,B4,Diesel,148,4
25–34,R72,B4,Regular,93,2
25–34,R72,B5,Diesel,204,6
25–34,R72,B5,Regular,116,3
25–34,R72,B6,Diesel,86,5
25–34,R72,B6,Regular,153,4
25–34,R73,B1,Diesel,281,7
25–34,R73,B1,Regular,177,1
25–34,R73,B10,Diesel,25,0
25–34,R73,B10,Regular,8,0
25–34,R73,B11,Diesel,23,1
25–34,R73,B11,Regular,3,0
25–34,R73,B12,Diesel,388,11
25–34,R73,B12,Regular,456,5
25–34,R73,B13,Diesel,10,0
25–34,R73,B13,Regular,19,1
25–34,R73,B14,Regular,21,0
25–34,R73,B2,Diesel,302,15
25–34,R73,B2,Regular,105,2
25–34,R73,B3,Diesel,130,1
25–34,R73,B3,Regular,45,0
25–34,R73,B4,Diesel,35,0
25–34,R73,B4,Regular,52,0
25–34,R73,B5,Diesel,68,2
25–34,R73,B5,Regular,43,0
25–34,R73,B6,Diesel,45,0
25–34,R73,B6,Regular,41,1
25–34,R74,B1,Diesel,50,5
25–34,R74,B1,Regular,57,0
25–34,R74,B10,Diesel,4,0
25–34,R74,B10,Regular,1,0
25–34,R74,B11,Diesel,16,1
25–34,R74,B11,Regular,8,3
25–34,R74,B12,Diesel,127,4
25–34,R74,B12,Regular,71,2
25–34,R74,B13,Diesel,2,0
25–34,R74,B13,Regular,4,1
25–34,R74,B2,Diesel,93,4
25–34,R74,B2,Regular,33,1
25–34,R74,B3,Diesel,31,2
25–34,R74,B3,Regular,13,1
25–34,R74,B4,Diesel,6,0
25–34,R74,B4,Regular,6,1
25–34,R74,B5,Diesel,19,0
25–34,R74,B5,Regular,5,0
25–34,R74,B6,Diesel,3,0
25–34,R74,B6,Regular,6,0
25–34,R82,B1,Diesel,1294,73
25–34,R82,B1,Regular,1481,53
25–34,R82,B10,Diesel,171,12
25–34,R82,B10,Regular,52,3
25–34,R82,B11,Diesel,124,8
25–34,R82,B11,Regular,143,8
25–34,R82,B12,Diesel,749,29
25–34,R82,B12,Regular,1192,27
25–34,R82,B13,Diesel,92,6
25–34,R82,B13,Regular,74,4
25–34,R82,B14,Diesel,18,2
25–34,R82,B14,Regular,47,0
25–34,R82,B2,Diesel,1269,65
25–34,R82,B2,Regular,1198,45
25–34,R82,B3,Diesel,728,42
25–34,R82,B3,Regular,523,25
25–34,R82,B4,Diesel,292,17
25–34,R82,B4,Regular,344,18
25–34,R82,B5,Diesel,247,18
25–34,R82,B5,Regular,346,11
25–34,R82,B6,Diesel,198,21
25–34,R82,B6,Regular,324,7
25–34,R83,B1,Diesel,67,3
25–34,R83,B1,Regular,46,0
25–34,R83,B10,Diesel,6,1
25–34,R83,B11,Diesel,5,0
25–34,R83,B11,Regular,12,0
25–34,R83,B12,Diesel,129,4
25–34,R83,B12,Regular,125,2
25–34,R83,B13,Regular,2,0
25–34,R83,B2,Diesel,53,3
25–34,R83,B2,Regular,57,1
25–34,R83,B3,Diesel,36,1
25–34,R83,B3,Regular,13,0
25–34,R83,B4,Diesel,9,0
25–34,R83,B4,Regular,6,0
25–34,R83,B5,Diesel,10,0
25–34,R83,B5,Regular,5,0
25–34,R83,B6,Diesel,14,0
25–34,R83,B6,Regular,12,0
25–34,R91,B1,Diesel,450,8
25–34,R91,B1,Regular,513,15
25–34,R91,B10,Diesel,82,0
25–34,R91,B10,Regular,21,0
25–34,R91,B11,Diesel,72,2
25–34,R91,B11,Regular,38,2
25–34,R91,B12,Diesel,432,9
25–34,R91,B12,Regular,543,15
25–34,R91,B13,Diesel,49,0
25–34,R91,B13,Regular,32,2
25–34,R91,B14,Diesel,15,1
25–34,R91,B14,Regular,8,0
25–34,R91,B2,Diesel,525,18
25–34,R91,B2,Regular,409,13
25–34,R91,B3,Diesel,222,7
25–34,R91,B3,Regular,222,4
25–34,R91,B4,Diesel,112,5
25–34,R91,B4,Regular,78,2
25–34,R91,B5,Diesel,74,4
25–34,R91,B5,Regular,139,1
25–34,R91,B6,Diesel,97,1
25–34,R91,B6,Regular,135,6
25–34,R93,B1,Diesel,761,31
25–34,R93,B1,Regular,894,38
25–34,R93,B10,Diesel,116,4
25–34,R93,B10,Regular,88,2
25–34,R93,B11,Diesel,99,7
25–34,R93,B11,Regular,111,6
25–34,R93,B12,Diesel,1011,36
25–34,R93,B12,Regular,1249,29
25–34,R93,B13,Diesel,54,5
25–34,R93,B13,Regular,79,2
25–34,R93,B14,Diesel,11,0
25–34,R93,B14,Regular,24,0
25–34,R93,B2,Diesel,873,32
25–34,R93,B2,Regular,791,19
25–34,R93,B3,Diesel,659,23
25–34,R93,B3,Regular,454,12
25–34,R93,B4,Diesel,205,10
25–34,R93,B4,Regular,224,13
25–34,R93,B5,Diesel,174,6
25–34,R93,B5,Regular,191,9
25–34,R93,B6,Diesel,162,3
25–34,R93,B6,Regular,265,5
25–34,R94,B1,Diesel,31,2
25–34,R94,B1,Regular,32,3
25–34,R94,B10,Diesel,1,0
25–34,R94,B11,Diesel,5,0
25–34,R94,B11,Regular,14,0
25–34,R94,B12,Diesel,140,0
25–34,R94,B12,Regular,201,2
25–34,R94,B13,Diesel,4,0
25–34,R94,B14,Regular,1,0
25–34,R94,B2,Diesel,29,3
25–34,R94,B2,Regular,41,2
25–34,R94,B3,Diesel,19,1
25–34,R94,B3,Regular,21,2
25–34,R94,B4,Diesel,2,0
25–34,R94,B4,Regular,3,0
25–34,R94,B5,Diesel,4,0
25–34,R94,B5,Regular,9,0
25–34,R94,B6,Diesel,7,0
25–34,R94,B6,Regular,8,0
35–44,R11,B1,Diesel,651,19
35–44,R11,B1,Regular,949,41
35–44,R11,B10,Diesel,126,5
35–44,R11,B10,Regular,75,3
35–44,R11,B11,Diesel,74,5
35–44,R11,B11,Regular,92,4
35–44,R11,B12,Diesel,2682,58
35–44,R11,B12,Regular,3506,85
35–44,R11,B13,Diesel,70,0
35–44,R11,B13,Regular,111,4
35–44,R11,B14,Diesel,21,0
35–44,R11,B14,Regular,32,1
35–44,R11,B2,Diesel,566,23
35–44,R11,B2,Regular,717,33
35–44,R11,B3,Diesel,298,12
35–44,R11,B3,Regular,361,16
35–44,R11,B4,Diesel,125,8
35–44,R11,B4,Regular,167,7
35–44,R11,B5,Diesel,103,5
35–44,R11,B5,Regular,185,13
35–44,R11,B6,Diesel,139,13
35–44,R11,B6,Regular,266,7
35–44,R21,B1,Diesel,26,0
35–44,R21,B1,Regular,11,0
35–44,R21,B10,Diesel,2,0
35–44,R21,B10,Regular,8,2
35–44,R21,B12,Diesel,226,12
35–44,R21,B12,Regular,109,0
35–44,R21,B13,Regular,1,0
35–44,R21,B14,Regular,1,0
35–44,R21,B2,Diesel,32,0
35–44,R21,B2,Regular,17,0
35–44,R21,B3,Diesel,13,0
35–44,R21,B3,Regular,13,1
35–44,R21,B4,Diesel,5,0
35–44,R21,B5,Diesel,5,0
35–44,R21,B5,Regular,10,0
35–44,R21,B6,Regular,9,0
35–44,R22,B1,Diesel,90,7
35–44,R22,B1,Regular,95,2
35–44,R22,B10,Diesel,21,0
35–44,R22,B10,Regular,8,0
35–44,R22,B11,Diesel,14,0
35–44,R22,B11,Regular,13,1
35–44,R22,B12,Diesel,265,9
35–44,R22,B12,Regular,232,4
35–44,R22,B13,Diesel,17,2
35–44,R22,B13,Regular,12,0
35–44,R22,B14,Regular,4,0
35–44,R22,B2,Diesel,107,5
35–44,R22,B2,Regular,80,2
35–44,R22,B3,Diesel,72,0
35–44,R22,B3,Regular,43,2
35–44,R22,B4,Diesel,29,1
35–44,R22,B4,Regular,22,2
35–44,R22,B5,Diesel,35,3
35–44,R22,B5,Regular,32,2
35–44,R22,B6,Diesel,5,0
35–44,R22,B6,Regular,26,2
35–44,R23,B1,Diesel,263,7
35–44,R23,B1,Regular,216,1
35–44,R23,B10,Diesel,43,0
35–44,R23,B10,Regular,10,0
35–44,R23,B11,Diesel,26,0
35–44,R23,B11,Regular,23,0
35–44,R23,B12,Diesel,201,5
35–44,R23,B12,Regular,145,3
35–44,R23,B13,Diesel,41,1
35–44,R23,B13,Regular,16,0
35–44,R23,B14,Diesel,1,0
35–44,R23,B14,Regular,1,0
35–44,R23,B2,Diesel,185,3
35–44,R23,B2,Regular,138,5
35–44,R23,B3,Diesel,69,1
35–44,R23,B3,Regular,36,0
35–44,R23,B4,Diesel,39,2
35–44,R23,B4,Regular,52,1
35–44,R23,B5,Diesel,51,0
35–44,R23,B5,Regular,20,1
35–44,R23,B6,Diesel,46,2
35–44,R23,B6,Regular,34,1
35–44,R24,B1,Diesel,4116,159
35–44,R24,B1,Regular,3647,131
35–44,R24,B10,Diesel,601,20
35–44,R24,B10,Regular,113,3
35–44,R24,B11,Diesel,232,10
35–44,R24,B11,Regular,237,9
35–44,R24,B12,Diesel,480,32
35–44,R24,B12,Regular,398,12
35–44,R24,B13,Diesel,284,17
35–44,R24,B13,Regular,182,8
35–44,R24,B14,Diesel,75,4
35–44,R24,B14,Regular,109,1
35–44,R24,B2,Diesel,4075,151
35–44,R24,B2,Regular,2830,83
35–44,R24,B3,Diesel,1085,39
35–44,R24,B3,Regular,819,31
35–44,R24,B4,Diesel,382,16
35–44,R24,B4,Regular,364,13
35–44,R24,B5,Diesel,741,32
35–44,R24,B5,Regular,599,30
35–44,R24,B6,Diesel,460,17
35–44,R24,B6,Regular,524,25
35–44,R25,B1,Diesel,217,11
35–44,R25,B1,Regular,190,7
35–44,R25,B10,Diesel,36,1
35–44,R25,B10,Regular,9,0
35–44,R25,B11,Diesel,22,0
35–44,R25,B11,Regular,11,0
35–44,R25,B12,Diesel,131,5
35–44,R25,B12,Regular,131,2
35–44,R25,B13,Diesel,25,1
35–44,R25,B13,Regular,13,1
35–44,R25,B14,Diesel,3,0
35–44,R25,B14,Regular,8,0
35–44,R25,B2,Diesel,187,6
35–44,R25,B2,Regular,142,6
35–44,R25,B3,Diesel,53,4
35–44,R25,B3,Regular,23,1
35–44,R25,B4,Diesel,30,1
35–44,R25,B4,Regular,15,1
35–44,R25,B5,Diesel,38,5
35–44,R25,B5,Regular,40,2
35–44,R25,B6,Diesel,24,1
35–44,R25,B6,Regular,37,3
35–44,R26,B1,Diesel,131,9
35–44,R26,B1,Regular,133,7
35–44,R26,B10,Diesel,24,1
35–44,R26,B10,Regular,10,0
35–44,R26,B11,Diesel,15,0
35–44,R26,B11,Regular,4,0
35–44,R26,B12,Diesel,229,3
35–44,R26,B12,Regular,202,6
35–44,R26,B13,Diesel,17,2
35–44,R26,B13,Regular,11,0
35–44,R26,B2,Diesel,183,4
35–44,R26,B2,Regular,135,5
35–44,R26,B3,Diesel,73,2
35–44,R26,B3,Regular,46,0
35–44,R26,B4,Diesel,10,0
35–44,R26,B4,Regular,9,1
35–44,R26,B5,Diesel,14,2
35–44,R26,B5,Regular,32,1
35–44,R26,B6,Diesel,27,1
35–44,R26,B6,Regular,21,0
35–44,R31,B1,Diesel,616,34
35–44,R31,B1,Regular,374,12
35–44,R31,B10,Diesel,84,2
35–44,R31,B10,Regular,21,1
35–44,R31,B11,Diesel,42,0
35–44,R31,B11,Regular,17,1
35–44,R31,B12,Diesel,755,14
35–44,R31,B12,Regular,537,16
35–44,R31,B13,Diesel,42,1
35–44,R31,B13,Regular,43,2
35–44,R31,B14,Diesel,10,1
35–44,R31,B14,Regular,9,1
35–44,R31,B2,Diesel,536,19
35–44,R31,B2,Regular,305,11
35–44,R31,B3,Diesel,275,8
35–44,R31,B3,Regular,122,4
35–44,R31,B4,Diesel,110,2
35–44,R31,B4,Regular,114,2
35–44,R31,B5,Diesel,100,7
35–44,R31,B5,Regular,105,2
35–44,R31,B6,Diesel,54,1
35–44,R31,B6,Regular,59,0
35–44,R41,B1,Diesel,128,4
35–44,R41,B1,Regular,126,0
35–44,R41,B10,Diesel,36,2
35–44,R41,B10,Regular,7,2
35–44,R41,B11,Diesel,12,0
35–44,R41,B11,Regular,23,3
35–44,R41,B12,Diesel,243,8
35–44,R41,B12,Regular,244,6
35–44,R41,B13,Diesel,8,1
35–44,R41,B13,Regular,10,0
35–44,R41,B14,Diesel,4,0
35–44,R41,B14,Regular,5,1
35–44,R41,B2,Diesel,190,10
35–44,R41,B2,Regular,167,6
35–44,R41,B3,Diesel,43,0
35–44,R41,B3,Regular,63,4
35–44,R41,B4,Diesel,43,2
35–44,R41,B4,Regular,55,2
35–44,R41,B5,Diesel,66,3
35–44,R41,B5,Regular,70,2
35–44,R41,B6,Diesel,15,1
35–44,R41,B6,Regular,52,0
35–44,R42,B1,Diesel,24,2
35–44,R42,B1,Regular,29,1
35–44,R42,B10,Diesel,8,0
35–44,R42,B10,Regular,4,0
35–44,R42,B11,Diesel,3,0
35–44,R42,B11,Regular,1,0
35–44,R42,B12,Diesel,46,0
35–44,R42,B12,Regular,50,1
35–44,R42,B13,Diesel,2,0
35–44,R42,B13,Regular,7,2
35–44,R42,B14,Diesel,1,0
35–44,R42,B2,Diesel,33,1
35–44,R42,B2,Regular,50,0
35–44,R42,B3,Diesel,22,3
35–44,R42,B3,Regular,20,1
35–44,R42,B4,Diesel,16,0
35–44,R42,B4,Regular,18,2
35–44,R42,B5,Diesel,16,0
35–44,R42,B5,Regular,15,0
35–44,R42,B6,Diesel,3,0
35–44,R42,B6,Regular,15,3
35–44,R43,B1,Diesel,7,0
35–44,R43,B1,Regular,13,0
35–44,R43,B10,Diesel,1,0
35–44,R43,B12,Diesel,41,1
35–44,R43,B12,Regular,51,1
35–44,R43,B13,Diesel,1,0
35–44,R43,B14,Regular,6,0
35–44,R43,B2,Diesel,26,0
35–44,R43,B2,Regular,16,0
35–44,R43,B3,Diesel,4,1
35–44,R43,B3,Regular,5,0
35–44,R43,B4,Diesel,3,0
35–44,R43,B5,Diesel,8,0
35–44,R43,B5,Regular,3,1
35–44,R43,B6,Diesel,3,0
35–44,R43,B6,Regular,3,0
35–44,R52,B1,Diesel,1091,52
35–44,R52,B1,Regular,974,29
35–44,R52,B10,Diesel,161,7
35–44,R52,B10,Regular,50,1
35–44,R52,B11,Diesel,84,2
35–44,R52,B11,Regular,48,3
35–44,R52,B12,Diesel,435,19
35–44,R52,B12,Regular,437,9
35–44,R52,B13,Diesel,67,0
35–44,R52,B13,Regular,70,2
35–44,R52,B14,Diesel,12,1
35–44,R52,B14,Regular,20,1
35–44,R52,B2,Diesel,965,33
35–44,R52,B2,Regular,668,20
35–44,R52,B3,Diesel,320,16
35–44,R52,B3,Regular,209,9
35–44,R52,B4,Diesel,154,10
35–44,R52,B4,Regular,117,2
35–44,R52,B5,Diesel,225,20
35–44,R52,B5,Regular,185,8
35–44,R52,B6,Diesel,115,2
35–44,R52,B6,Regular,177,9
35–44,R53,B1,Diesel,843,34
35–44,R53,B1,Regular,881,35
35–44,R53,B10,Diesel,186,14
35–44,R53,B10,Regular,50,0
35–44,R53,B11,Diesel,68,4
35–44,R53,B11,Regular,80,2
35–44,R53,B12,Diesel,210,10
35–44,R53,B12,Regular,272,10
35–44,R53,B13,Diesel,89,4
35–44,R53,B13,Regular,72,3
35–44,R53,B14,Diesel,16,0
35–44,R53,B14,Regular,15,0
35–44,R53,B2,Diesel,947,39
35–44,R53,B2,Regular,564,26
35–44,R53,B3,Diesel,396,17
35–44,R53,B3,Regular,247,7
35–44,R53,B4,Diesel,137,8
35–44,R53,B4,Regular,156,10
35–44,R53,B5,Diesel,214,8
35–44,R53,B5,Regular,197,8
35–44,R53,B6,Diesel,125,4
35–44,R53,B6,Regular,122,9
35–44,R54,B1,Diesel,343,21
35–44,R54,B1,Regular,350,9
35–44,R54,B10,Diesel,83,2
35–44,R54,B10,Regular,12,0
35–44,R54,B11,Diesel,50,1
35–44,R54,B11,Regular,39,1
35–44,R54,B12,Diesel,197,8
35–44,R54,B12,Regular,180,4
35–44,R54,B13,Diesel,30,3
35–44,R54,B13,Regular,22,0
35–44,R54,B14,Diesel,5,0
35–44,R54,B14,Regular,8,0
35–44,R54,B2,Diesel,408,25
35–44,R54,B2,Regular,335,15
35–44,R54,B3,Diesel,136,3
35–44,R54,B3,Regular,100,2
35–44,R54,B4,Diesel,48,1
35–44,R54,B4,Regular,53,4
35–44,R54,B5,Diesel,99,3
35–44,R54,B5,Regular,74,1
35–44,R54,B6,Diesel,84,2
35–44,R54,B6,Regular,81,2
35–44,R72,B1,Diesel,447,19
35–44,R72,B1,Regular,475,21
35–44,R72,B10,Diesel,102,5
35–44,R72,B10,Regular,43,0
35–44,R72,B11,Diesel,56,1
35–44,R72,B11,Regular,33,1
35–44,R72,B12,Diesel,761,12
35–44,R72,B12,Regular,608,9
35–44,R72,B13,Diesel,65,3
35–44,R72,B13,Regular,27,1
35–44,R72,B14,Diesel,15,1
35–44,R72,B14,Regular,39,0
35–44,R72,B2,Diesel,521,23
35–44,R72,B2,Regular,353,12
35–44,R72,B3,Diesel,214,8
35–44,R72,B3,Regular,150,1
35–44,R72,B4,Diesel,92,3
35–44,R72,B4,Regular,99,3
35–44,R72,B5,Diesel,236,13
35–44,R72,B5,Regular,155,9
35–44,R72,B6,Diesel,81,0
35–44,R72,B6,Regular,91,5
35–44,R73,B1,Diesel,293,10
35–44,R73,B1,Regular,165,3
35–44,R73,B10,Diesel,19,0
35–44,R73,B10,Regular,14,0
35–44,R73,B11,Diesel,25,2
35–44,R73,B11,Regular,13,1
35–44,R73,B12,Diesel,761,15
35–44,R73,B12,Regular,672,10
35–44,R73,B13,Diesel,37,1
35–44,R73,B13,Regular,28,1
35–44,R73,B14,Diesel,3,0
35–44,R73,B14,Regular,10,0
35–44,R73,B2,Diesel,276,2
35–44,R73,B2,Regular,109,4
35–44,R73,B3,Diesel,91,1
35–44,R73,B3,Regular,49,3
35–44,R73,B4,Diesel,38,1
35–44,R73,B4,Regular,46,1
35–44,R73,B5,Diesel,62,1
35–44,R73,B5,Regular,56,1
35–44,R73,B6,Diesel,47,0
35–44,R73,B6,Regular,57,0
35–44,R74,B1,Diesel,106,4
35–44,R74,B1,Regular,54,3
35–44,R74,B10,Diesel,5,0
35–44,R74,B10,Regular,1,0
35–44,R74,B11,Diesel,4,0
35–44,R74,B11,Regular,1,0
35–44,R74,B12,Diesel,172,4
35–44,R74,B12,Regular,94,3
35–44,R74,B13,Diesel,1,0
35–44,R74,B13,Regular,6,0
35–44,R74,B14,Diesel,1,0
35–44,R74,B14,Regular,6,0
35–44,R74,B2,Diesel,75,3
35–44,R74,B2,Regular,31,1
35–44,R74,B3,Diesel,22,3
35–44,R74,B3,Regular,25,2
35–44,R74,B4,Diesel,10,1
35–44,R74,B4,Regular,6,0
35–44,R74,B5,Diesel,10,1
35–44,R74,B5,Regular,12,0
35–44,R74,B6,Diesel,28,3
35–44,R74,B6,Regular,19,0
35–44,R82,B1,Diesel,1775,106
35–44,R82,B1,Regular,1619,83
35–44,R82,B10,Diesel,262,13
35–44,R82,B10,Regular,156,5
35–44,R82,B11,Diesel,167,9
35–44,R82,B11,Regular,150,6
35–44,R82,B12,Diesel,1399,48
35–44,R82,B12,Regular,1402,34
35–44,R82,B13,Diesel,177,7
35–44,R82,B13,Regular,224,6
35–44,R82,B14,Diesel,46,3
35–44,R82,B14,Regular,54,0
35–44,R82,B2,Diesel,1570,73
35–44,R82,B2,Regular,1301,56
35–44,R82,B3,Diesel,615,43
35–44,R82,B3,Regular,541,15
35–44,R82,B4,Diesel,234,13
35–44,R82,B4,Regular,338,19
35–44,R82,B5,Diesel,301,11
35–44,R82,B5,Regular,411,27
35–44,R82,B6,Diesel,309,22
35–44,R82,B6,Regular,452,16
35–44,R83,B1,Diesel,55,0
35–44,R83,B1,Regular,64,1
35–44,R83,B10,Diesel,28,1
35–44,R83,B10,Regular,4,0
35–44,R83,B11,Diesel,1,0
35–44,R83,B11,Regular,7,0
35–44,R83,B12,Diesel,261,5
35–44,R83,B12,Regular,168,0
35–44,R83,B13,Diesel,8,1
35–44,R83,B13,Regular,9,0
35–44,R83,B14,Diesel,3,0
35–44,R83,B14,Regular,4,0
35–44,R83,B2,Diesel,62,2
35–44,R83,B2,Regular,38,1
35–44,R83,B3,Diesel,42,3
35–44,R83,B3,Regular,11,0
35–44,R83,B4,Diesel,15,0
35–44,R83,B4,Regular,1,0
35–44,R83,B5,Diesel,10,0
35–44,R83,B5,Regular,20,0
35–44,R83,B6,Diesel,12,0
35–44,R83,B6,Regular,10,0
35–44,R91,B1,Diesel,530,16
35–44,R91,B1,Regular,426,18
35–44,R91,B10,Diesel,108,2
35–44,R91,B10,Regular,31,4
35–44,R91,B11,Diesel,69,0
35–44,R91,B11,Regular,66,1
35–44,R91,B12,Diesel,853,20
35–44,R91,B12,Regular,892,17
35–44,R91,B13,Diesel,35,2
35–44,R91,B13,Regular,45,0
35–44,R91,B14,Diesel,28,0
35–44,R91,B14,Regular,9,0
35–44,R91,B2,Diesel,569,15
35–44,R91,B2,Regular,425,21
35–44,R91,B3,Diesel,236,6
35–44,R91,B3,Regular,184,2
35–44,R91,B4,Diesel,96,1
35–44,R91,B4,Regular,105,4
35–44,R91,B5,Diesel,116,0
35–44,R91,B5,Regular,149,3
35–44,R91,B6,Diesel,124,4
35–44,R91,B6,Regular,109,5
35–44,R93,B1,Diesel,1222,41
35–44,R93,B1,Regular,1386,52
35–44,R93,B10,Diesel,330,16
35–44,R93,B10,Regular,147,7
35–44,R93,B11,Diesel,140,15
35–44,R93,B11,Regular,154,6
35–44,R93,B12,Diesel,1842,38
35–44,R93,B12,Regular,1938,55
35–44,R93,B13,Diesel,118,6
35–44,R93,B13,Regular,95,6
35–44,R93,B14,Diesel,31,1
35–44,R93,B14,Regular,75,1
35–44,R93,B2,Diesel,1265,46
35–44,R93,B2,Regular,1002,43
35–44,R93,B3,Diesel,559,24
35–44,R93,B3,Regular,409,35
35–44,R93,B4,Diesel,249,10
35–44,R93,B4,Regular,273,11
35–44,R93,B5,Diesel,312,13
35–44,R93,B5,Regular,325,11
35–44,R93,B6,Diesel,243,6
35–44,R93,B6,Regular,377,15
35–44,R94,B1,Diesel,11,0
35–44,R94,B1,Regular,26,0
35–44,R94,B10,Diesel,2,0
35–44,R94,B10,Regular,3,0
35–44,R94,B11,Diesel,4,0
35–44,R94,B11,Regular,10,0
35–44,R94,B12,Diesel,219,6
35–44,R94,B12,Regular,192,4
35–44,R94,B13,Diesel,1,0
35–44,R94,B13,Regular,4,0
35–44,R94,B2,Diesel,44,0
35–44,R94,B2,Regular,16,0
35–44,R94,B3,Diesel,19,0
35–44,R94,B3,Regular,21,1
35–44,R94,B4,Diesel,9,0
35–44,R94,B4,Regular,2,0
35–44,R94,B5,Diesel,6,1
35–44,R94,B5,Regular,1,0
35–44,R94,B6,Diesel,5,0
35–44,R94,B6,Regular,5,0
45–54,R11,B1,Diesel,550,22
45–54,R11,B1,Regular,1097,61
45–54,R11,B10,Diesel,121,5
45–54,R11,B10,Regular,72,6
45–54,R11,B11,Diesel,43,1
45–54,R11,B11,Regular,95,7
45–54,R11,B12,Diesel,2251,85
45–54,R11,B12,Regular,3376,88
45–54,R11,B13,Diesel,35,5
45–54,R11,B13,Regular,60,5
45–54,R11,B14,Diesel,16,0
45–54,R11,B14,Regular,60,4
45–54,R11,B2,Diesel,587,33
45–54,R11,B2,Regular,752,29
45–54,R11,B3,Diesel,180,6
45–54,R11,B3,Regular,313,16
45–54,R11,B4,Diesel,101,5
45–54,R11,B4,Regular,132,7
45–54,R11,B5,Diesel,162,10
45–54,R11,B5,Regular,180,7
45–54,R11,B6,Diesel,107,8
45–54,R11,B6,Regular,182,8
45–54,R21,B1,Diesel,15,0
45–54,R21,B1,Regular,9,0
45–54,R21,B10,Diesel,3,0
45–54,R21,B11,Regular,2,0
45–54,R21,B12,Diesel,153,4
45–54,R21,B12,Regular,95,2
45–54,R21,B13,Diesel,13,0
45–54,R21,B2,Diesel,13,0
45–54,R21,B2,Regular,8,0
45–54,R21,B3,Diesel,12,0
45–54,R21,B3,Regular,2,0
45–54,R21,B4,Diesel,1,0
45–54,R21,B4,Regular,3,0
45–54,R21,B5,Regular,2,0
45–54,R22,B1,Diesel,70,5
45–54,R22,B1,Regular,79,2
45–54,R22,B10,Diesel,15,3
45–54,R22,B10,Regular,4,1
45–54,R22,B11,Diesel,5,0
45–54,R22,B11,Regular,4,0
45–54,R22,B12,Diesel,287,4
45–54,R22,B12,Regular,203,4
45–54,R22,B13,Diesel,14,2
45–54,R22,B13,Regular,2,0
45–54,R22,B14,Diesel,1,0
45–54,R22,B14,Regular,2,0
45–54,R22,B2,Diesel,76,6
45–54,R22,B2,Regular,36,5
45–54,R22,B3,Diesel,45,3
45–54,R22,B3,Regular,21,0
45–54,R22,B4,Diesel,24,0
45–54,R22,B4,Regular,19,1
45–54,R22,B5,Diesel,22,0
45–54,R22,B5,Regular,11,1
45–54,R22,B6,Diesel,9,0
45–54,R22,B6,Regular,23,2
45–54,R23,B1,Diesel,160,5
45–54,R23,B1,Regular,138,3
45–54,R23,B10,Diesel,31,1
45–54,R23,B10,Regular,18,2
45–54,R23,B11,Diesel,7,0
45–54,R23,B11,Regular,29,0
45–54,R23,B12,Diesel,180,6
45–54,R23,B12,Regular,105,4
45–54,R23,B13,Diesel,31,1
45–54,R23,B13,Regular,5,0
45–54,R23,B14,Diesel,2,0
45–54,R23,B14,Regular,4,0
45–54,R23,B2,Diesel,140,3
45–54,R23,B2,Regular,101,2
45–54,R23,B3,Diesel,50,2
45–54,R23,B3,Regular,26,3
45–54,R23,B4,Diesel,40,0
45–54,R23,B4,Regular,10,0
45–54,R23,B5,Diesel,27,1
45–54,R23,B5,Regular,22,0
45–54,R23,B6,Diesel,13,0
45–54,R23,B6,Regular,42,0
45–54,R24,B1,Diesel,4227,198
45–54,R24,B1,Regular,3850,137
45–54,R24,B10,Diesel,620,36
45–54,R24,B10,Regular,147,3
45–54,R24,B11,Diesel,253,12
45–54,R24,B11,Regular,224,12
45–54,R24,B12,Diesel,511,13
45–54,R24,B12,Regular,445,15
45–54,R24,B13,Diesel,238,11
45–54,R24,B13,Regular,218,8
45–54,R24,B14,Diesel,38,1
45–54,R24,B14,Regular,128,3
45–54,R24,B2,Diesel,4223,180
45–54,R24,B2,Regular,3137,121
45–54,R24,B3,Diesel,1118,40
45–54,R24,B3,Regular,736,48
45–54,R24,B4,Diesel,393,22
45–54,R24,B4,Regular,452,16
45–54,R24,B5,Diesel,731,37
45–54,R24,B5,Regular,610,32
45–54,R24,B6,Diesel,423,16
45–54,R24,B6,Regular,576,20
45–54,R25,B1,Diesel,297,12
45–54,R25,B1,Regular,258,10
45–54,R25,B10,Diesel,66,6
45–54,R25,B10,Regular,14,0
45–54,R25,B11,Diesel,28,1
45–54,R25,B11,Regular,28,2
45–54,R25,B12,Diesel,145,5
45–54,R25,B12,Regular,157,3
45–54,R25,B13,Diesel,29,1
45–54,R25,B13,Regular,17,0
45–54,R25,B14,Diesel,6,0
45–54,R25,B14,Regular,9,0
45–54,R25,B2,Diesel,234,12
45–54,R25,B2,Regular,164,10
45–54,R25,B3,Diesel,52,0
45–54,R25,B3,Regular,53,1
45–54,R25,B4,Diesel,26,1
45–54,R25,B4,Regular,16,1
45–54,R25,B5,Diesel,53,5
45–54,R25,B5,Regular,27,2
45–54,R25,B6,Diesel,26,2
45–54,R25,B6,Regular,41,1
45–54,R26,B1,Diesel,151,6
45–54,R26,B1,Regular,150,6
45–54,R26,B10,Diesel,29,1
45–54,R26,B10,Regular,3,0
45–54,R26,B11,Diesel,21,0
45–54,R26,B11,Regular,11,0
45–54,R26,B12,Diesel,269,7
45–54,R26,B12,Regular,231,7
45–54,R26,B13,Diesel,14,0
45–54,R26,B13,Regular,8,0
45–54,R26,B14,Diesel,2,0
45–54,R26,B14,Regular,8,0
45–54,R26,B2,Diesel,164,9
45–54,R26,B2,Regular,170,8
45–54,R26,B3,Diesel,78,0
45–54,R26,B3,Regular,51,0
45–54,R26,B4,Diesel,24,0
45–54,R26,B4,Regular,20,0
45–54,R26,B5,Diesel,50,3
45–54,R26,B5,Regular,41,1
45–54,R26,B6,Diesel,19,0
45–54,R26,B6,Regular,21,0
45–54,R31,B1,Diesel,398,17
45–54,R31,B1,Regular,305,8
45–54,R31,B10,Diesel,63,3
45–54,R31,B10,Regular,5,0
45–54,R31,B11,Diesel,47,4
45–54,R31,B11,Regular,12,1
45–54,R31,B12,Diesel,553,17
45–54,R31,B12,Regular,577,10
45–54,R31,B13,Diesel,26,1
45–54,R31,B13,Regular,18,0
45–54,R31,B14,Diesel,6,0
45–54,R31,B14,Regular,19,2
45–54,R31,B2,Diesel,398,18
45–54,R31,B2,Regular,228,8
45–54,R31,B3,Diesel,167,6
45–54,R31,B3,Regular,138,4
45–54,R31,B4,Diesel,52,2
45–54,R31,B4,Regular,73,3
45–54,R31,B5,Diesel,84,1
45–54,R31,B5,Regular,84,7
45–54,R31,B6,Diesel,54,1
45–54,R31,B6,Regular,57,6
45–54,R41,B1,Diesel,114,3
45–54,R41,B1,Regular,193,5
45–54,R41,B10,Diesel,22,0
45–54,R41,B10,Regular,11,0
45–54,R41,B11,Diesel,5,1
45–54,R41,B11,Regular,31,1
45–54,R41,B12,Diesel,356,4
45–54,R41,B12,Regular,318,9
45–54,R41,B13,Diesel,15,0
45–54,R41,B13,Regular,17,2
45–54,R41,B14,Diesel,2,0
45–54,R41,B14,Regular,6,0
45–54,R41,B2,Diesel,240,17
45–54,R41,B2,Regular,212,8
45–54,R41,B3,Diesel,34,0
45–54,R41,B3,Regular,80,1
45–54,R41,B4,Diesel,44,1
45–54,R41,B4,Regular,91,6
45–54,R41,B5,Diesel,76,3
45–54,R41,B5,Regular,143,2
45–54,R41,B6,Diesel,25,2
45–54,R41,B6,Regular,48,2
45–54,R42,B1,Diesel,16,0
45–54,R42,B1,Regular,15,1
45–54,R42,B10,Diesel,1,2
45–54,R42,B12,Diesel,27,0
45–54,R42,B12,Regular,60,1
45–54,R42,B13,Diesel,1,0
45–54,R42,B13,Regular,1,0
45–54,R42,B2,Diesel,11,0
45–54,R42,B2,Regular,21,1
45–54,R42,B3,Diesel,10,0
45–54,R42,B3,Regular,9,0
45–54,R42,B4,Diesel,2,0
45–54,R42,B4,Regular,9,1
45–54,R42,B5,Diesel,2,0
45–54,R42,B5,Regular,4,0
45–54,R42,B6,Regular,24,1
45–54,R43,B1,Diesel,10,0
45–54,R43,B1,Regular,6,0
45–54,R43,B10,Diesel,2,0
45–54,R43,B10,Regular,4,0
45–54,R43,B12,Diesel,33,3
45–54,R43,B12,Regular,41,0
45–54,R43,B13,Diesel,13,1
45–54,R43,B14,Diesel,4,0
45–54,R43,B14,Regular,2,0
45–54,R43,B2,Diesel,17,1
45–54,R43,B2,Regular,8,0
45–54,R43,B3,Diesel,1,0
45–54,R43,B3,Regular,2,0
45–54,R43,B4,Diesel,2,0
45–54,R43,B4,Regular,3,0
45–54,R43,B5,Diesel,6,0
45–54,R43,B5,Regular,2,0
45–54,R43,B6,Diesel,6,0
45–54,R43,B6,Regular,5,0
45–54,R52,B1,Diesel,723,43
45–54,R52,B1,Regular,1002,39
45–54,R52,B10,Diesel,149,9
45–54,R52,B10,Regular,50,1
45–54,R52,B11,Diesel,50,1
45–54,R52,B11,Regular,84,1
45–54,R52,B12,Diesel,389,12
45–54,R52,B12,Regular,553,16
45–54,R52,B13,Diesel,71,2
45–54,R52,B13,Regular,64,4
45–54,R52,B14,Diesel,5,0
45–54,R52,B14,Regular,24,1
45–54,R52,B2,Diesel,799,50
45–54,R52,B2,Regular,654,31
45–54,R52,B3,Diesel,256,19
45–54,R52,B3,Regular,190,10
45–54,R52,B4,Diesel,92,6
45–54,R52,B4,Regular,144,9
45–54,R52,B5,Diesel,181,9
45–54,R52,B5,Regular,203,11
45–54,R52,B6,Diesel,105,6
45–54,R52,B6,Regular,194,9
45–54,R53,B1,Diesel,964,40
45–54,R53,B1,Regular,967,42
45–54,R53,B10,Diesel,247,7
45–54,R53,B10,Regular,53,1
45–54,R53,B11,Diesel,106,4
45–54,R53,B11,Regular,74,2
45–54,R53,B12,Diesel,220,6
45–54,R53,B12,Regular,273,14
45–54,R53,B13,Diesel,71,3
45–54,R53,B13,Regular,85,5
45–54,R53,B14,Diesel,11,0
45–54,R53,B14,Regular,25,0
45–54,R53,B2,Diesel,996,62
45–54,R53,B2,Regular,824,31
45–54,R53,B3,Diesel,281,14
45–54,R53,B3,Regular,262,15
45–54,R53,B4,Diesel,143,8
45–54,R53,B4,Regular,156,6
45–54,R53,B5,Diesel,222,12
45–54,R53,B5,Regular,207,15
45–54,R53,B6,Diesel,119,3
45–54,R53,B6,Regular,162,7
45–54,R54,B1,Diesel,338,14
45–54,R54,B1,Regular,341,17
45–54,R54,B10,Diesel,88,2
45–54,R54,B10,Regular,28,2
45–54,R54,B11,Diesel,33,2
45–54,R54,B11,Regular,25,0
45–54,R54,B12,Diesel,196,4
45–54,R54,B12,Regular,226,4
45–54,R54,B13,Diesel,27,0
45–54,R54,B13,Regular,32,0
45–54,R54,B14,Diesel,6,1
45–54,R54,B14,Regular,7,0
45–54,R54,B2,Diesel,386,19
45–54,R54,B2,Regular,269,13
45–54,R54,B3,Diesel,95,2
45–54,R54,B3,Regular,91,5
45–54,R54,B4,Diesel,44,2
45–54,R54,B4,Regular,51,0
45–54,R54,B5,Diesel,85,1
45–54,R54,B5,Regular,86,3
45–54,R54,B6,Diesel,69,1
45–54,R54,B6,Regular,75,6
45–54,R72,B1,Diesel,373,16
45–54,R72,B1,Regular,481,21
45–54,R72,B10,Diesel,84,3
45–54,R72,B10,Regular,22,0
45–54,R72,B11,Diesel,56,2
45–54,R72,B11,Regular,50,3
45–54,R72,B12,Diesel,723,17
45–54,R72,B12,Regular,694,21
45–54,R72,B13,Diesel,57,3
45–54,R72,B13,Regular,23,1
45–54,R72,B14,Diesel,9,1
45–54,R72,B14,Regular,12,0
45–54,R72,B2,Diesel,446,16
45–54,R72,B2,Regular,326,14
45–54,R72,B3,Diesel,154,5
45–54,R72,B3,Regular,123,5
45–54,R72,B4,Diesel,65,3
45–54,R72,B4,Regular,101,5
45–54,R72,B5,Diesel,149,5
45–54,R72,B5,Regular,142,2
45–54,R72,B6,Diesel,40,5
45–54,R72,B6,Regular,88,4
45–54,R73,B1,Diesel,189,1
45–54,R73,B1,Regular,146,5
45–54,R73,B10,Diesel,24,2
45–54,R73,B10,Regular,19,1
45–54,R73,B11,Diesel,29,0
45–54,R73,B11,Regular,18,0
45–54,R73,B12,Diesel,704,12
45–54,R73,B12,Regular,582,8
45–54,R73,B13,Diesel,14,0
45–54,R73,B13,Regular,7,1
45–54,R73,B14,Diesel,2,0
45–54,R73,B2,Diesel,187,4
45–54,R73,B2,Regular,111,1
45–54,R73,B3,Diesel,51,4
45–54,R73,B3,Regular,41,3
45–54,R73,B4,Diesel,17,0
45–54,R73,B4,Regular,11,1
45–54,R73,B5,Diesel,44,1
45–54,R73,B5,Regular,51,2
45–54,R73,B6,Diesel,42,3
45–54,R73,B6,Regular,27,2
45–54,R74,B1,Diesel,90,7
45–54,R74,B1,Regular,41,6
45–54,R74,B10,Diesel,15,2
45–54,R74,B10,Regular,10,1
45–54,R74,B11,Diesel,16,0
45–54,R74,B11,Regular,3,0
45–54,R74,B12,Diesel,122,0
45–54,R74,B12,Regular,139,2
45–54,R74,B13,Diesel,6,0
45–54,R74,B13,Regular,17,1
45–54,R74,B14,Diesel,6,0
45–54,R74,B14,Regular,4,0
45–54,R74,B2,Diesel,118,8
45–54,R74,B2,Regular,78,3
45–54,R74,B3,Diesel,38,1
45–54,R74,B3,Regular,24,0
45–54,R74,B4,Regular,4,0
45–54,R74,B5,Diesel,14,0
45–54,R74,B5,Regular,34,1
45–54,R74,B6,Diesel,10,1
45–54,R74,B6,Regular,12,0
45–54,R82,B1,Diesel,1283,86
45–54,R82,B1,Regular,1689,86
45–54,R82,B10,Diesel,262,22
45–54,R82,B10,Regular,138,3
45–54,R82,B11,Diesel,144,7
45–54,R82,B11,Regular,164,5
45–54,R82,B12,Diesel,1172,30
45–54,R82,B12,Regular,1530,40
45–54,R82,B13,Diesel,154,11
45–54,R82,B13,Regular,152,6
45–54,R82,B14,Diesel,26,0
45–54,R82,B14,Regular,61,2
45–54,R82,B2,Diesel,1522,91
45–54,R82,B2,Regular,1300,69
45–54,R82,B3,Diesel,483,27
45–54,R82,B3,Regular,476,36
45–54,R82,B4,Diesel,182,13
45–54,R82,B4,Regular,309,17
45–54,R82,B5,Diesel,296,23
45–54,R82,B5,Regular,293,17
45–54,R82,B6,Diesel,267,19
45–54,R82,B6,Regular,496,22
45–54,R83,B1,Diesel,47,1
45–54,R83,B1,Regular,32,0
45–54,R83,B10,Diesel,10,3
45–54,R83,B10,Regular,4,1
45–54,R83,B11,Diesel,3,0
45–54,R83,B11,Regular,9,1
45–54,R83,B12,Diesel,208,6
45–54,R83,B12,Regular,218,7
45–54,R83,B13,Diesel,16,1
45–54,R83,B13,Regular,5,0
45–54,R83,B14,Regular,6,0
45–54,R83,B2,Diesel,67,3
45–54,R83,B2,Regular,36,3
45–54,R83,B3,Diesel,15,0
45–54,R83,B3,Regular,5,0
45–54,R83,B4,Diesel,1,0
45–54,R83,B4,Regular,8,0
45–54,R83,B5,Diesel,15,0
45–54,R83,B5,Regular,10,0
45–54,R83,B6,Diesel,6,0
45–54,R83,B6,Regular,9,0
45–54,R91,B1,Diesel,503,26
45–54,R91,B1,Regular,563,57
45–54,R91,B10,Diesel,126,2
45–54,R91,B10,Regular,40,0
45–54,R91,B11,Diesel,87,2
45–54,R91,B11,Regular,49,1
45–54,R91,B12,Diesel,999,35
45–54,R91,B12,Regular,990,21
45–54,R91,B13,Diesel,28,0
45–54,R91,B13,Regular,24,0
45–54,R91,B14,Diesel,19,0
45–54,R91,B14,Regular,19,1
45–54,R91,B2,Diesel,638,12
45–54,R91,B2,Regular,557,16
45–54,R91,B3,Diesel,201,5
45–54,R91,B3,Regular,132,4
45–54,R91,B4,Diesel,76,5
45–54,R91,B4,Regular,103,6
45–54,R91,B5,Diesel,153,3
45–54,R91,B5,Regular,115,4
45–54,R91,B6,Diesel,95,5
45–54,R91,B6,Regular,91,3
45–54,R93,B1,Diesel,937,46
45–54,R93,B1,Regular,1199,63
45–54,R93,B10,Diesel,242,10
45–54,R93,B10,Regular,125,9
45–54,R93,B11,Diesel,82,0
45–54,R93,B11,Regular,109,8
45–54,R93,B12,Diesel,1957,57
45–54,R93,B12,Regular,2091,53
45–54,R93,B13,Diesel,99,4
45–54,R93,B13,Regular,130,6
45–54,R93,B14,Diesel,23,2
45–54,R93,B14,Regular,59,3
45–54,R93,B2,Diesel,972,51
45–54,R93,B2,Regular,1153,54
45–54,R93,B3,Diesel,429,13
45–54,R93,B3,Regular,419,17
45–54,R93,B4,Diesel,162,10
45–54,R93,B4,Regular,261,15
45–54,R93,B5,Diesel,248,8
45–54,R93,B5,Regular,280,12
45–54,R93,B6,Diesel,189,10
45–54,R93,B6,Regular,363,11
45–54,R94,B1,Diesel,20,0
45–54,R94,B1,Regular,41,0
45–54,R94,B10,Diesel,1,0
45–54,R94,B11,Diesel,1,0
45–54,R94,B12,Diesel,210,5
45–54,R94,B12,Regular,295,8
45–54,R94,B13,Diesel,11,0
45–54,R94,B13,Regular,1,0
45–54,R94,B14,Regular,1,0
45–54,R94,B2,Diesel,26,0
45–54,R94,B2,Regular,21,1
45–54,R94,B3,Diesel,14,0
45–54,R94,B3,Regular,16,0
45–54,R94,B4,Diesel,13,0
45–54,R94,B4,Regular,3,0
45–54,R94,B5,Diesel,2,0
45–54,R94,B5,Regular,13,0
45–54,R94,B6,Diesel,2,0
45–54,R94,B6,Regular,3,0
55–64,R11,B1,Diesel,285,17
55–64,R11,B1,Regular,528,26
55–64,R11,B10,Diesel,127,10
55–64,R11,B10,Regular,67,3
55–64,R11,B11,Diesel,27,2
55–64,R11,B11,Regular,64,2
55–64,R11,B12,Diesel,1371,44
55–64,R11,B12,Regular,2236,50
55–64,R11,B13,Diesel,31,2
55–64,R11,B13,Regular,61,2
55–64,R11,B14,Diesel,9,1
55–64,R11,B14,Regular,26,0
55–64,R11,B2,Diesel,252,10
55–64,R11,B2,Regular,386,15
55–64,R11,B3,Diesel,114,4
55–64,R11,B3,Regular,120,10
55–64,R11,B4,Diesel,31,0
55–64,R11,B4,Regular,63,3
55–64,R11,B5,Diesel,40,4
55–64,R11,B5,Regular,103,6
55–64,R11,B6,Diesel,58,2
55–64,R11,B6,Regular,65,2
55–64,R21,B1,Diesel,12,0
55–64,R21,B1,Regular,3,0
55–64,R21,B10,Diesel,5,0
55–64,R21,B11,Diesel,3,0
55–64,R21,B12,Diesel,136,4
55–64,R21,B12,Regular,123,1
55–64,R21,B13,Diesel,2,0
55–64,R21,B2,Diesel,25,0
55–64,R21,B2,Regular,7,0
55–64,R21,B3,Diesel,2,0
55–64,R21,B3,Regular,2,0
55–64,R21,B4,Diesel,2,0
55–64,R21,B4,Regular,2,0
55–64,R21,B5,Diesel,5,1
55–64,R21,B6,Diesel,2,0
55–64,R21,B6,Regular,4,0
55–64,R22,B1,Diesel,59,2
55–64,R22,B1,Regular,56,1
55–64,R22,B10,Diesel,12,0
55–64,R22,B10,Regular,2,0
55–64,R22,B12,Diesel,191,2
55–64,R22,B12,Regular,147,0
55–64,R22,B13,Diesel,1,1
55–64,R22,B13,Regular,5,0
55–64,R22,B14,Diesel,1,0
55–64,R22,B14,Regular,4,0
55–64,R22,B2,Diesel,26,1
55–64,R22,B2,Regular,23,1
55–64,R22,B3,Diesel,5,1
55–64,R22,B3,Regular,6,0
55–64,R22,B4,Diesel,17,0
55–64,R22,B4,Regular,5,0
55–64,R22,B5,Diesel,9,0
55–64,R22,B5,Regular,4,1
55–64,R22,B6,Diesel,4,0
55–64,R22,B6,Regular,9,0
55–64,R23,B1,Diesel,56,0
55–64,R23,B1,Regular,70,1
55–64,R23,B10,Diesel,11,1
55–64,R23,B10,Regular,3,1
55–64,R23,B11,Diesel,19,0
55–64,R23,B11,Regular,1,0
55–64,R23,B12,Diesel,113,4
55–64,R23,B12,Regular,102,0
55–64,R23,B13,Diesel,11,0
55–64,R23,B13,Regular,7,0
55–64,R23,B14,Regular,1,0
55–64,R23,B2,Diesel,84,1
55–64,R23,B2,Regular,81,0
55–64,R23,B3,Diesel,7,0
55–64,R23,B3,Regular,15,0
55–64,R23,B4,Diesel,7,0
55–64,R23,B4,Regular,14,0
55–64,R23,B5,Diesel,36,0
55–64,R23,B5,Regular,14,1
55–64,R23,B6,Diesel,2,0
55–64,R23,B6,Regular,22,1
55–64,R24,B1,Diesel,2227,110
55–64,R24,B1,Regular,2171,74
55–64,R24,B10,Diesel,352,12
55–64,R24,B10,Regular,131,3
55–64,R24,B11,Diesel,158,7
55–64,R24,B11,Regular,133,4
55–64,R24,B12,Diesel,361,11
55–64,R24,B12,Regular,297,13
55–64,R24,B13,Diesel,114,4
55–64,R24,B13,Regular,142,9
55–64,R24,B14,Diesel,25,0
55–64,R24,B14,Regular,45,3
55–64,R24,B2,Diesel,2782,108
55–64,R24,B2,Regular,1941,76
55–64,R24,B3,Diesel,401,10
55–64,R24,B3,Regular,317,10
55–64,R24,B4,Diesel,166,8
55–64,R24,B4,Regular,180,9
55–64,R24,B5,Diesel,357,13
55–64,R24,B5,Regular,343,11
55–64,R24,B6,Diesel,212,4
55–64,R24,B6,Regular,316,9
55–64,R25,B1,Diesel,143,7
55–64,R25,B1,Regular,153,13
55–64,R25,B10,Diesel,46,0
55–64,R25,B10,Regular,4,0
55–64,R25,B11,Diesel,13,0
55–64,R25,B11,Regular,8,0
55–64,R25,B12,Diesel,84,0
55–64,R25,B12,Regular,146,2
55–64,R25,B13,Diesel,19,1
55–64,R25,B13,Regular,11,0
55–64,R25,B14,Diesel,1,0
55–64,R25,B14,Regular,5,0
55–64,R25,B2,Diesel,117,4
55–64,R25,B2,Regular,107,5
55–64,R25,B3,Diesel,22,0
55–64,R25,B3,Regular,21,0
55–64,R25,B4,Diesel,13,2
55–64,R25,B4,Regular,19,1
55–64,R25,B5,Diesel,28,2
55–64,R25,B5,Regular,31,2
55–64,R25,B6,Diesel,14,1
55–64,R25,B6,Regular,11,0
55–64,R26,B1,Diesel,56,3
55–64,R26,B1,Regular,118,7
55–64,R26,B10,Diesel,25,0
55–64,R26,B10,Regular,8,0
55–64,R26,B11,Diesel,2,0
55–64,R26,B11,Regular,2,0
55–64,R26,B12,Diesel,188,3
55–64,R26,B12,Regular,212,3
55–64,R26,B13,Diesel,9,0
55–64,R26,B13,Regular,6,0
55–64,R26,B14,Diesel,4,0
55–64,R26,B14,Regular,1,0
55–64,R26,B2,Diesel,123,3
55–64,R26,B2,Regular,93,7
55–64,R26,B3,Diesel,48,2
55–64,R26,B3,Regular,22,0
55–64,R26,B4,Diesel,21,0
55–64,R26,B4,Regular,10,1
55–64,R26,B5,Diesel,32,0
55–64,R26,B5,Regular,19,1
55–64,R26,B6,Diesel,13,3
55–64,R26,B6,Regular,15,0
55–64,R31,B1,Diesel,151,6
55–64,R31,B1,Regular,175,8
55–64,R31,B10,Diesel,26,5
55–64,R31,B10,Regular,6,0
55–64,R31,B11,Diesel,5,0
55–64,R31,B11,Regular,2,0
55–64,R31,B12,Diesel,306,8
55–64,R31,B12,Regular,308,5
55–64,R31,B13,Diesel,7,0
55–64,R31,B13,Regular,6,0
55–64,R31,B14,Regular,5,0
55–64,R31,B2,Diesel,165,12
55–64,R31,B2,Regular,153,7
55–64,R31,B3,Diesel,81,7
55–64,R31,B3,Regular,46,1
55–64,R31,B4,Diesel,20,0
55–64,R31,B4,Regular,26,1
55–64,R31,B5,Diesel,31,1
55–64,R31,B5,Regular,20,0
55–64,R31,B6,Diesel,23,2
55–64,R31,B6,Regular,31,0
55–64,R41,B1,Diesel,33,2
55–64,R41,B1,Regular,127,8
55–64,R41,B10,Diesel,12,1
55–64,R41,B10,Regular,6,0
55–64,R41,B11,Diesel,3,0
55–64,R41,B11,Regular,17,0
55–64,R41,B12,Diesel,140,0
55–64,R41,B12,Regular,145,1
55–64,R41,B13,Diesel,16,1
55–64,R41,B13,Regular,11,0
55–64,R41,B14,Diesel,3,0
55–64,R41,B14,Regular,9,0
55–64,R41,B2,Diesel,159,7
55–64,R41,B2,Regular,158,5
55–64,R41,B3,Diesel,22,2
55–64,R41,B3,Regular,61,3
55–64,R41,B4,Diesel,17,3
55–64,R41,B4,Regular,45,1
55–64,R41,B5,Diesel,48,1
55–64,R41,B5,Regular,66,3
55–64,R41,B6,Diesel,17,2
55–64,R41,B6,Regular,30,1
55–64,R42,B1,Diesel,5,1
55–64,R42,B1,Regular,24,2
55–64,R42,B10,Regular,4,0
55–64,R42,B12,Diesel,18,0
55–64,R42,B12,Regular,33,0
55–64,R42,B13,Regular,10,1
55–64,R42,B2,Diesel,8,0
55–64,R42,B2,Regular,19,1
55–64,R42,B3,Diesel,2,0
55–64,R42,B3,Regular,1,0
55–64,R42,B4,Diesel,3,0
55–64,R42,B4,Regular,9,0
55–64,R42,B5,Diesel,3,0
55–64,R42,B5,Regular,6,0
55–64,R42,B6,Diesel,3,0
55–64,R42,B6,Regular,1,0
55–64,R43,B1,Diesel,5,0
55–64,R43,B1,Regular,13,1
55–64,R43,B12,Diesel,19,1
55–64,R43,B12,Regular,36,0
55–64,R43,B13,Diesel,1,0
55–64,R43,B14,Diesel,1,0
55–64,R43,B2,Diesel,9,0
55–64,R43,B2,Regular,5,0
55–64,R43,B3,Regular,6,0
55–64,R43,B5,Regular,1,0
55–64,R43,B6,Diesel,3,0
55–64,R52,B1,Diesel,297,14
55–64,R52,B1,Regular,476,11
55–64,R52,B10,Diesel,97,4
55–64,R52,B10,Regular,12,1
55–64,R52,B11,Diesel,39,3
55–64,R52,B11,Regular,22,0
55–64,R52,B12,Diesel,305,6
55–64,R52,B12,Regular,384,8
55–64,R52,B13,Diesel,31,1
55–64,R52,B13,Regular,42,4
55–64,R52,B14,Diesel,1,0
55–64,R52,B14,Regular,4,0
55–64,R52,B2,Diesel,443,16
55–64,R52,B2,Regular,362,7
55–64,R52,B3,Diesel,98,6
55–64,R52,B3,Regular,84,1
55–64,R52,B4,Diesel,53,1
55–64,R52,B4,Regular,37,1
55–64,R52,B5,Diesel,74,3
55–64,R52,B5,Regular,70,2
55–64,R52,B6,Diesel,39,4
55–64,R52,B6,Regular,59,2
55–64,R53,B1,Diesel,493,28
55–64,R53,B1,Regular,673,17
55–64,R53,B10,Diesel,155,9
55–64,R53,B10,Regular,44,3
55–64,R53,B11,Diesel,57,2
55–64,R53,B11,Regular,65,1
55–64,R53,B12,Diesel,187,10
55–64,R53,B12,Regular,186,10
55–64,R53,B13,Diesel,62,4
55–64,R53,B13,Regular,55,3
55–64,R53,B14,Diesel,4,0
55–64,R53,B14,Regular,8,0
55–64,R53,B2,Diesel,592,27
55–64,R53,B2,Regular,537,22
55–64,R53,B3,Diesel,168,10
55–64,R53,B3,Regular,139,6
55–64,R53,B4,Diesel,67,3
55–64,R53,B4,Regular,81,3
55–64,R53,B5,Diesel,143,7
55–64,R53,B5,Regular,130,3
55–64,R53,B6,Diesel,62,1
55–64,R53,B6,Regular,98,3
55–64,R54,B1,Diesel,163,11
55–64,R54,B1,Regular,151,6
55–64,R54,B10,Diesel,55,2
55–64,R54,B10,Regular,12,0
55–64,R54,B11,Diesel,17,0
55–64,R54,B11,Regular,21,3
55–64,R54,B12,Diesel,180,4
55–64,R54,B12,Regular,206,4
55–64,R54,B13,Diesel,16,4
55–64,R54,B13,Regular,8,0
55–64,R54,B14,Diesel,6,0
55–64,R54,B14,Regular,13,0
55–64,R54,B2,Diesel,262,12
55–64,R54,B2,Regular,200,5
55–64,R54,B3,Diesel,71,3
55–64,R54,B3,Regular,42,2
55–64,R54,B4,Diesel,19,4
55–64,R54,B4,Regular,21,0
55–64,R54,B5,Diesel,33,3
55–64,R54,B5,Regular,41,2
55–64,R54,B6,Diesel,34,2
55–64,R54,B6,Regular,28,1
55–64,R72,B1,Diesel,228,13
55–64,R72,B1,Regular,241,3
55–64,R72,B10,Diesel,49,3
55–64,R72,B10,Regular,14,0
55–64,R72,B11,Diesel,13,0
55–64,R72,B11,Regular,11,1
55–64,R72,B12,Diesel,645,15
55–64,R72,B12,Regular,586,13
55–64,R72,B13,Diesel,29,0
55–64,R72,B13,Regular,35,0
55–64,R72,B14,Diesel,22,0
55–64,R72,B14,Regular,17,0
55–64,R72,B2,Diesel,335,9
55–64,R72,B2,Regular,210,8
55–64,R72,B3,Diesel,68,4
55–64,R72,B3,Regular,57,2
55–64,R72,B4,Diesel,47,2
55–64,R72,B4,Regular,40,3
55–64,R72,B5,Diesel,46,3
55–64,R72,B5,Regular,53,1
55–64,R72,B6,Diesel,51,2
55–64,R72,B6,Regular,104,1
55–64,R73,B1,Diesel,78,3
55–64,R73,B1,Regular,93,3
55–64,R73,B10,Diesel,20,1
55–64,R73,B10,Regular,25,0
55–64,R73,B11,Diesel,4,0
55–64,R73,B11,Regular,8,1
55–64,R73,B12,Diesel,522,5
55–64,R73,B12,Regular,432,13
55–64,R73,B13,Diesel,10,0
55–64,R73,B13,Regular,18,0
55–64,R73,B14,Diesel,8,0
55–64,R73,B14,Regular,3,0
55–64,R73,B2,Diesel,173,5
55–64,R73,B2,Regular,100,1
55–64,R73,B3,Diesel,41,0
55–64,R73,B3,Regular,16,1
55–64,R73,B4,Diesel,24,0
55–64,R73,B4,Regular,6,0
55–64,R73,B5,Diesel,13,2
55–64,R73,B5,Regular,19,0
55–64,R73,B6,Diesel,6,0
55–64,R73,B6,Regular,32,1
55–64,R74,B1,Diesel,56,2
55–64,R74,B1,Regular,39,1
55–64,R74,B10,Diesel,4,0
55–64,R74,B10,Regular,6,0
55–64,R74,B12,Diesel,98,1
55–64,R74,B12,Regular,65,2
55–64,R74,B13,Diesel,1,0
55–64,R74,B13,Regular,3,0
55–64,R74,B14,Diesel,1,0
55–64,R74,B14,Regular,1,0
55–64,R74,B2,Diesel,77,5
55–64,R74,B2,Regular,21,3
55–64,R74,B3,Diesel,12,0
55–64,R74,B3,Regular,3,1
55–64,R74,B4,Diesel,14,0
55–64,R74,B4,Regular,8,0
55–64,R74,B5,Diesel,9,0
55–64,R74,B5,Regular,5,1
55–64,R74,B6,Diesel,2,0
55–64,R74,B6,Regular,6,0
55–64,R82,B1,Diesel,812,49
55–64,R82,B1,Regular,1032,61
55–64,R82,B10,Diesel,182,15
55–64,R82,B10,Regular,133,13
55–64,R82,B11,Diesel,87,4
55–64,R82,B11,Regular,85,5
55–64,R82,B12,Diesel,902,23
55–64,R82,B12,Regular,977,20
55–64,R82,B13,Diesel,60,2
55–64,R82,B13,Regular,72,4
55–64,R82,B14,Diesel,14,0
55–64,R82,B14,Regular,45,1
55–64,R82,B2,Diesel,791,54
55–64,R82,B2,Regular,888,48
55–64,R82,B3,Diesel,270,15
55–64,R82,B3,Regular,249,15
55–64,R82,B4,Diesel,95,3
55–64,R82,B4,Regular,142,11
55–64,R82,B5,Diesel,149,12
55–64,R82,B5,Regular,185,12
55–64,R82,B6,Diesel,155,5
55–64,R82,B6,Regular,266,19
55–64,R83,B1,Diesel,16,1
55–64,R83,B1,Regular,14,0
55–64,R83,B10,Diesel,11,0
55–64,R83,B10,Regular,7,0
55–64,R83,B11,Regular,4,0
55–64,R83,B12,Diesel,220,7
55–64,R83,B12,Regular,168,3
55–64,R83,B13,Regular,9,0
55–64,R83,B14,Regular,1,0
55–64,R83,B2,Diesel,44,3
55–64,R83,B2,Regular,27,0
55–64,R83,B3,Diesel,11,0
55–64,R83,B3,Regular,13,0
55–64,R83,B4,Diesel,6,1
55–64,R83,B4,Regular,3,0
55–64,R83,B5,Diesel,4,0
55–64,R83,B5,Regular,10,1
55–64,R83,B6,Regular,8,1
55–64,R91,B1,Diesel,241,10
55–64,R91,B1,Regular,291,12
55–64,R91,B10,Diesel,81,1
55–64,R91,B10,Regular,22,0
55–64,R91,B11,Diesel,34,3
55–64,R91,B11,Regular,20,0
55–64,R91,B12,Diesel,882,23
55–64,R91,B12,Regular,781,17
55–64,R91,B13,Diesel,20,1
55–64,R91,B13,Regular,18,1
55–64,R91,B14,Diesel,3,0
55–64,R91,B14,Regular,7,0
55–64,R91,B2,Diesel,271,4
55–64,R91,B2,Regular,258,11
55–64,R91,B3,Diesel,81,5
55–64,R91,B3,Regular,67,2
55–64,R91,B4,Diesel,24,1
55–64,R91,B4,Regular,38,2
55–64,R91,B5,Diesel,38,2
55–64,R91,B5,Regular,70,2
55–64,R91,B6,Diesel,21,0
55–64,R91,B6,Regular,79,6
55–64,R93,B1,Diesel,568,19
55–64,R93,B1,Regular,755,37
55–64,R93,B10,Diesel,169,7
55–64,R93,B10,Regular,84,0
55–64,R93,B11,Diesel,51,1
55–64,R93,B11,Regular,96,4
55–64,R93,B12,Diesel,1561,59
55–64,R93,B12,Regular,2044,47
55–64,R93,B13,Diesel,76,1
55–64,R93,B13,Regular,72,2
55–64,R93,B14,Diesel,20,1
55–64,R93,B14,Regular,43,0
55–64,R93,B2,Diesel,562,19
55–64,R93,B2,Regular,703,23
55–64,R93,B3,Diesel,247,8
55–64,R93,B3,Regular,195,10
55–64,R93,B4,Diesel,55,4
55–64,R93,B4,Regular,135,12
55–64,R93,B5,Diesel,127,8
55–64,R93,B5,Regular,134,2
55–64,R93,B6,Diesel,100,6
55–64,R93,B6,Regular,252,15
55–64,R94,B1,Diesel,8,0
55–64,R94,B1,Regular,14,0
55–64,R94,B10,Diesel,2,0
55–64,R94,B10,Regular,1,0
55–64,R94,B11,Regular,2,0
55–64,R94,B12,Diesel,180,3
55–64,R94,B12,Regular,178,6
55–64,R94,B13,Diesel,7,0
55–64,R94,B13,Regular,1,0
55–64,R94,B14,Diesel,1,0
55–64,R94,B2,Diesel,15,0
55–64,R94,B2,Regular,3,0
55–64,R94,B3,Diesel,12,0
55–64,R94,B3,Regular,1,0
55–64,R94,B4,Diesel,1,0
55–64,R94,B4,Regular,5,0
55–64,R94,B5,Diesel,4,0
55–64,R94,B5,Regular,1,0
55–64,R94,B6,Diesel,1,0
55–64,R94,B6,Regular,3,0
65–74,R11,B1,Diesel,73,4
65–74,R11,B1,Regular,206,10
65–74,R11,B10,Diesel,16,1
65–74,R11,B10,Regular,18,1
65–74,R11,B11,Diesel,11,0
65–74,R11,B11,Regular,23,1
65–74,R11,B12,Diesel,383,14
65–74,R11,B12,Regular,1083,34
65–74,R11,B13,Diesel,12,0
65–74,R11,B13,Regular,13,0
65–74,R11,B14,Regular,11,3
65–74,R11,B2,Diesel,136,6
65–74,R11,B2,Regular,226,14
65–74,R11,B3,Diesel,21,3
65–74,R11,B3,Regular,67,3
65–74,R11,B4,Diesel,12,0
65–74,R11,B4,Regular,30,1
65–74,R11,B5,Diesel,22,1
65–74,R11,B5,Regular,34,2
65–74,R11,B6,Diesel,4,1
65–74,R11,B6,Regular,63,7
65–74,R21,B1,Regular,5,0
65–74,R21,B10,Diesel,4,0
65–74,R21,B12,Diesel,44,0
65–74,R21,B12,Regular,37,0
65–74,R21,B2,Diesel,4,0
65–74,R21,B2,Regular,4,0
65–74,R21,B4,Regular,1,0
65–74,R21,B5,Regular,3,0
65–74,R22,B1,Diesel,7,0
65–74,R22,B1,Regular,13,0
65–74,R22,B10,Diesel,5,0
65–74,R22,B10,Regular,2,0
65–74,R22,B11,Diesel,6,0
65–74,R22,B12,Diesel,34,1
65–74,R22,B12,Regular,88,4
65–74,R22,B13,Regular,1,0
65–74,R22,B2,Diesel,23,3
65–74,R22,B2,Regular,17,0
65–74,R22,B3,Diesel,15,1
65–74,R22,B3,Regular,7,0
65–74,R22,B4,Regular,3,0
65–74,R22,B5,Diesel,9,0
65–74,R22,B5,Regular,5,0
65–74,R22,B6,Diesel,2,0
65–74,R23,B1,Diesel,26,2
65–74,R23,B1,Regular,40,2
65–74,R23,B10,Diesel,4,0
65–74,R23,B10,Regular,3,0
65–74,R23,B11,Diesel,5,0
65–74,R23,B12,Diesel,28,1
65–74,R23,B12,Regular,81,2
65–74,R23,B13,Diesel,5,0
65–74,R23,B13,Regular,9,0
65–74,R23,B2,Diesel,25,1
65–74,R23,B2,Regular,25,2
65–74,R23,B3,Diesel,1,0
65–74,R23,B3,Regular,6,0
65–74,R23,B4,Diesel,7,0
65–74,R23,B4,Regular,2,0
65–74,R23,B5,Diesel,16,2
65–74,R23,B5,Regular,5,0
65–74,R23,B6,Regular,7,0
65–74,R24,B1,Diesel,1118,41
65–74,R24,B1,Regular,1807,61
65–74,R24,B10,Diesel,215,10
65–74,R24,B10,Regular,53,2
65–74,R24,B11,Diesel,67,3
65–74,R24,B11,Regular,44,1
65–74,R24,B12,Diesel,152,6
65–74,R24,B12,Regular,214,3
65–74,R24,B13,Diesel,31,0
65–74,R24,B13,Regular,54,1
65–74,R24,B14,Diesel,12,0
65–74,R24,B14,Regular,35,2
65–74,R24,B2,Diesel,1654,63
65–74,R24,B2,Regular,1872,67
65–74,R24,B3,Diesel,112,8
65–74,R24,B3,Regular,140,1
65–74,R24,B4,Diesel,65,3
65–74,R24,B4,Regular,102,4
65–74,R24,B5,Diesel,180,11
65–74,R24,B5,Regular,234,5
65–74,R24,B6,Diesel,64,4
65–74,R24,B6,Regular,159,4
65–74,R25,B1,Diesel,37,5
65–74,R25,B1,Regular,120,2
65–74,R25,B10,Diesel,20,0
65–74,R25,B11,Diesel,6,0
65–74,R25,B11,Regular,3,0
65–74,R25,B12,Diesel,45,0
65–74,R25,B12,Regular,65,3
65–74,R25,B13,Diesel,7,0
65–74,R25,B13,Regular,7,0
65–74,R25,B2,Diesel,54,0
65–74,R25,B2,Regular,81,4
65–74,R25,B3,Diesel,4,0
65–74,R25,B3,Regular,12,0
65–74,R25,B4,Diesel,5,0
65–74,R25,B4,Regular,11,0
65–74,R25,B5,Diesel,3,0
65–74,R25,B5,Regular,10,1
65–74,R25,B6,Regular,9,2
65–74,R26,B1,Diesel,33,2
65–74,R26,B1,Regular,65,2
65–74,R26,B10,Diesel,9,1
65–74,R26,B12,Diesel,102,1
65–74,R26,B12,Regular,119,0
65–74,R26,B13,Diesel,6,0
65–74,R26,B13,Regular,2,0
65–74,R26,B2,Diesel,65,5
65–74,R26,B2,Regular,41,4
65–74,R26,B3,Diesel,8,1
65–74,R26,B3,Regular,12,2
65–74,R26,B4,Diesel,3,0
65–74,R26,B4,Regular,1,0
65–74,R26,B5,Diesel,11,0
65–74,R26,B5,Regular,10,1
65–74,R26,B6,Diesel,2,0
65–74,R26,B6,Regular,13,0
65–74,R31,B1,Diesel,48,2
65–74,R31,B1,Regular,62,2
65–74,R31,B10,Diesel,14,1
65–74,R31,B11,Diesel,1,0
65–74,R31,B11,Regular,4,0
65–74,R31,B12,Diesel,93,1
65–74,R31,B12,Regular,153,2
65–74,R31,B13,Diesel,1,0
65–74,R31,B13,Regular,5,0
65–74,R31,B14,Diesel,1,0
65–74,R31,B2,Diesel,67,2
65–74,R31,B2,Regular,90,6
65–74,R31,B3,Diesel,22,0
65–74,R31,B3,Regular,10,0
65–74,R31,B4,Diesel,11,0
65–74,R31,B4,Regular,10,0
65–74,R31,B5,Diesel,6,0
65–74,R31,B5,Regular,20,2
65–74,R31,B6,Diesel,4,1
65–74,R31,B6,Regular,6,0
65–74,R41,B1,Diesel,49,0
65–74,R41,B1,Regular,162,8
65–74,R41,B10,Diesel,10,0
65–74,R41,B10,Regular,2,0
65–74,R41,B11,Diesel,2,0
65–74,R41,B11,Regular,5,0
65–74,R41,B12,Diesel,52,2
65–74,R41,B12,Regular,67,0
65–74,R41,B13,Diesel,3,1
65–74,R41,B13,Regular,2,0
65–74,R41,B2,Diesel,81,4
65–74,R41,B2,Regular,215,12
65–74,R41,B3,Diesel,15,1
65–74,R41,B3,Regular,63,1
65–74,R41,B4,Diesel,13,1
65–74,R41,B4,Regular,50,4
65–74,R41,B5,Diesel,22,1
65–74,R41,B5,Regular,83,2
65–74,R41,B6,Diesel,1,0
65–74,R41,B6,Regular,49,3
65–74,R42,B1,Diesel,5,0
65–74,R42,B1,Regular,9,0
65–74,R42,B10,Diesel,2,0
65–74,R42,B10,Regular,8,0
65–74,R42,B12,Diesel,15,1
65–74,R42,B12,Regular,18,0
65–74,R42,B13,Regular,3,0
65–74,R42,B2,Diesel,4,0
65–74,R42,B2,Regular,13,0
65–74,R42,B3,Diesel,5,1
65–74,R42,B4,Regular,4,0
65–74,R42,B5,Diesel,5,0
65–74,R42,B5,Regular,11,0
65–74,R42,B6,Regular,1,0
65–74,R43,B1,Regular,1,1
65–74,R43,B11,Diesel,4,0
65–74,R43,B12,Diesel,4,0
65–74,R43,B12,Regular,4,0
65–74,R43,B2,Regular,3,0
65–74,R43,B5,Regular,1,0
65–74,R52,B1,Diesel,120,6
65–74,R52,B1,Regular,261,11
65–74,R52,B10,Diesel,47,5
65–74,R52,B10,Regular,9,0
65–74,R52,B11,Diesel,17,1
65–74,R52,B11,Regular,7,0
65–74,R52,B12,Diesel,132,4
65–74,R52,B12,Regular,274,5
65–74,R52,B13,Diesel,8,0
65–74,R52,B13,Regular,10,0
65–74,R52,B2,Diesel,207,7
65–74,R52,B2,Regular,198,11
65–74,R52,B3,Diesel,27,1
65–74,R52,B3,Regular,35,4
65–74,R52,B4,Diesel,14,0
65–74,R52,B4,Regular,28,2
65–74,R52,B5,Diesel,21,3
65–74,R52,B5,Regular,19,0
65–74,R52,B6,Diesel,10,0
65–74,R52,B6,Regular,30,2
65–74,R53,B1,Diesel,171,10
65–74,R53,B1,Regular,452,13
65–74,R53,B10,Diesel,50,2
65–74,R53,B10,Regular,29,1
65–74,R53,B11,Diesel,16,3
65–74,R53,B11,Regular,31,0
65–74,R53,B12,Diesel,84,2
65–74,R53,B12,Regular,149,5
65–74,R53,B13,Diesel,20,0
65–74,R53,B13,Regular,21,0
65–74,R53,B14,Regular,3,0
65–74,R53,B2,Diesel,268,17
65–74,R53,B2,Regular,394,23
65–74,R53,B3,Diesel,48,3
65–74,R53,B3,Regular,74,1
65–74,R53,B4,Diesel,33,0
65–74,R53,B4,Regular,58,3
65–74,R53,B5,Diesel,32,0
65–74,R53,B5,Regular,123,2
65–74,R53,B6,Diesel,17,2
65–74,R53,B6,Regular,55,4
65–74,R54,B1,Diesel,87,3
65–74,R54,B1,Regular,109,4
65–74,R54,B10,Diesel,21,1
65–74,R54,B10,Regular,2,0
65–74,R54,B11,Diesel,4,0
65–74,R54,B11,Regular,4,0
65–74,R54,B12,Diesel,104,3
65–74,R54,B12,Regular,131,1
65–74,R54,B13,Diesel,3,0
65–74,R54,B13,Regular,13,2
65–74,R54,B2,Diesel,140,7
65–74,R54,B2,Regular,167,3
65–74,R54,B3,Diesel,33,0
65–74,R54,B3,Regular,9,0
65–74,R54,B4,Diesel,9,0
65–74,R54,B4,Regular,16,0
65–74,R54,B5,Diesel,29,0
65–74,R54,B5,Regular,18,0
65–74,R54,B6,Diesel,22,0
65–74,R54,B6,Regular,26,1
65–74,R72,B1,Diesel,110,6
65–74,R72,B1,Regular,124,1
65–74,R72,B10,Diesel,25,1
65–74,R72,B10,Regular,6,0
65–74,R72,B11,Diesel,8,0
65–74,R72,B11,Regular,18,0
65–74,R72,B12,Diesel,258,3
65–74,R72,B12,Regular,389,5
65–74,R72,B13,Diesel,15,0
65–74,R72,B13,Regular,2,0
65–74,R72,B14,Regular,4,0
65–74,R72,B2,Diesel,186,9
65–74,R72,B2,Regular,148,8
65–74,R72,B3,Diesel,25,1
65–74,R72,B3,Regular,29,3
65–74,R72,B4,Diesel,17,1
65–74,R72,B4,Regular,28,1
65–74,R72,B5,Diesel,12,0
65–74,R72,B5,Regular,38,2
65–74,R72,B6,Diesel,17,1
65–74,R72,B6,Regular,38,1
65–74,R73,B1,Diesel,41,1
65–74,R73,B1,Regular,62,0
65–74,R73,B10,Diesel,15,1
65–74,R73,B10,Regular,1,0
65–74,R73,B11,Diesel,3,0
65–74,R73,B11,Regular,4,0
65–74,R73,B12,Diesel,197,7
65–74,R73,B12,Regular,207,5
65–74,R73,B13,Diesel,5,0
65–74,R73,B13,Regular,5,0
65–74,R73,B14,Regular,3,0
65–74,R73,B2,Diesel,63,2
65–74,R73,B2,Regular,73,1
65–74,R73,B3,Diesel,10,0
65–74,R73,B3,Regular,10,0
65–74,R73,B4,Diesel,2,0
65–74,R73,B4,Regular,5,0
65–74,R73,B5,Diesel,2,0
65–74,R73,B5,Regular,3,0
65–74,R73,B6,Diesel,2,0
65–74,R73,B6,Regular,3,0
65–74,R74,B1,Diesel,14,2
65–74,R74,B1,Regular,21,0
65–74,R74,B10,Diesel,4,0
65–74,R74,B11,Regular,3,0
65–74,R74,B12,Diesel,37,1
65–74,R74,B12,Regular,53,3
65–74,R74,B14,Regular,4,0
65–74,R74,B2,Diesel,14,1
65–74,R74,B2,Regular,8,0
65–74,R74,B3,Regular,2,0
65–74,R74,B4,Diesel,2,1
65–74,R74,B4,Regular,1,0
65–74,R74,B5,Regular,3,0
65–74,R74,B6,Diesel,1,0
65–74,R74,B6,Regular,10,0
65–74,R82,B1,Diesel,265,23
65–74,R82,B1,Regular,531,30
65–74,R82,B10,Diesel,54,0
65–74,R82,B10,Regular,35,1
65–74,R82,B11,Diesel,23,2
65–74,R82,B11,Regular,42,3
65–74,R82,B12,Diesel,281,9
65–74,R82,B12,Regular,424,17
65–74,R82,B13,Diesel,17,1
65–74,R82,B13,Regular,23,1
65–74,R82,B14,Diesel,8,0
65–74,R82,B14,Regular,8,0
65–74,R82,B2,Diesel,306,16
65–74,R82,B2,Regular,465,29
65–74,R82,B3,Diesel,86,10
65–74,R82,B3,Regular,93,5
65–74,R82,B4,Diesel,30,0
65–74,R82,B4,Regular,60,3
65–74,R82,B5,Diesel,61,4
65–74,R82,B5,Regular,92,3
65–74,R82,B6,Diesel,36,0
65–74,R82,B6,Regular,96,5
65–74,R83,B1,Diesel,9,0
65–74,R83,B1,Regular,14,0
65–74,R83,B10,Diesel,3,0
65–74,R83,B12,Diesel,66,1
65–74,R83,B12,Regular,60,1
65–74,R83,B13,Regular,2,0
65–74,R83,B2,Diesel,10,0
65–74,R83,B2,Regular,8,0
65–74,R83,B3,Regular,5,0
65–74,R83,B4,Diesel,4,2
65–74,R83,B5,Diesel,5,0
65–74,R83,B5,Regular,1,0
65–74,R83,B6,Regular,1,0
65–74,R91,B1,Diesel,89,2
65–74,R91,B1,Regular,143,3
65–74,R91,B10,Diesel,28,0
65–74,R91,B10,Regular,8,0
65–74,R91,B11,Diesel,8,0
65–74,R91,B11,Regular,7,0
65–74,R91,B12,Diesel,346,6
65–74,R91,B12,Regular,550,9
65–74,R91,B13,Diesel,8,0
65–74,R91,B13,Regular,5,0
65–74,R91,B14,Diesel,3,0
65–74,R91,B14,Regular,1,0
65–74,R91,B2,Diesel,146,7
65–74,R91,B2,Regular,121,2
65–74,R91,B3,Diesel,27,0
65–74,R91,B3,Regular,30,0
65–74,R91,B4,Diesel,3,0
65–74,R91,B4,Regular,34,1
65–74,R91,B5,Diesel,32,0
65–74,R91,B5,Regular,40,2
65–74,R91,B6,Diesel,22,0
65–74,R91,B6,Regular,38,0
65–74,R93,B1,Diesel,151,6
65–74,R93,B1,Regular,410,16
65–74,R93,B10,Diesel,47,3
65–74,R93,B10,Regular,63,6
65–74,R93,B11,Diesel,10,1
65–74,R93,B11,Regular,26,3
65–74,R93,B12,Diesel,726,13
65–74,R93,B12,Regular,1397,28
65–74,R93,B13,Diesel,22,3
65–74,R93,B13,Regular,28,2
65–74,R93,B14,Diesel,6,0
65–74,R93,B14,Regular,14,1
65–74,R93,B2,Diesel,318,20
65–74,R93,B2,Regular,363,20
65–74,R93,B3,Diesel,62,4
65–74,R93,B3,Regular,86,2
65–74,R93,B4,Diesel,21,1
65–74,R93,B4,Regular,55,0
65–74,R93,B5,Diesel,51,2
65–74,R93,B5,Regular,80,7
65–74,R93,B6,Diesel,31,2
65–74,R93,B6,Regular,108,4
65–74,R94,B1,Diesel,8,0
65–74,R94,B1,Regular,1,0
65–74,R94,B12,Diesel,90,2
65–74,R94,B12,Regular,132,5
65–74,R94,B14,Regular,5,0
65–74,R94,B2,Regular,6,0
65–74,R94,B3,Diesel,2,0
65–74,R94,B3,Regular,11,2
65–74,R94,B4,Diesel,3,0
65–74,R94,B4,Regular,1,0
65–74,R94,B6,Regular,13,0
75+,R11,B1,Diesel,25,1
75+,R11,B1,Regular,111,8
75+,R11,B10,Diesel,4,0
75+,R11,B11,Diesel,7,1
75+,R11,B11,Regular,5,0
75+,R11,B12,Diesel,78,0
75+,R11,B12,Regular,414,22
75+,R11,B13,Diesel,7,3
75+,R11,B13,Regular,10,0
75+,R11,B14,Regular,1,1
75+,R11,B2,Diesel,36,1
75+,R11,B2,Regular,104,2
75+,R11,B3,Diesel,5,2
75+,R11,B3,Regular,11,1
75+,R11,B4,Diesel,2,0
75+,R11,B4,Regular,12,0
75+,R11,B5,Regular,21,1
75+,R11,B6,Regular,16,0
75+,R21,B12,Diesel,11,1
75+,R21,B12,Regular,29,0
75+,R22,B1,Diesel,5,1
75+,R22,B1,Regular,7,0
75+,R22,B10,Diesel,1,0
75+,R22,B12,Diesel,17,0
75+,R22,B12,Regular,13,1
75+,R22,B2,Diesel,1,0
75+,R22,B2,Regular,13,1
75+,R22,B3,Regular,3,1
75+,R22,B4,Regular,4,0
75+,R22,B5,Regular,2,0
75+,R22,B6,Regular,2,0
75+,R23,B1,Diesel,1,0
75+,R23,B1,Regular,6,0
75+,R23,B12,Diesel,14,0
75+,R23,B12,Regular,24,1
75+,R23,B2,Diesel,18,5
75+,R23,B2,Regular,9,0
75+,R23,B3,Diesel,8,0
75+,R23,B3,Regular,3,0
75+,R23,B4,Diesel,3,0
75+,R23,B4,Regular,2,0
75+,R24,B1,Diesel,319,15
75+,R24,B1,Regular,1355,51
75+,R24,B10,Diesel,50,5
75+,R24,B10,Regular,35,0
75+,R24,B11,Diesel,17,0
75+,R24,B11,Regular,27,0
75+,R24,B12,Diesel,60,5
75+,R24,B12,Regular,101,4
75+,R24,B13,Diesel,22,3
75+,R24,B13,Regular,38,1
75+,R24,B14,Diesel,4,0
75+,R24,B14,Regular,27,1
75+,R24,B2,Diesel,668,42
75+,R24,B2,Regular,1479,60
75+,R24,B3,Diesel,67,2
75+,R24,B3,Regular,99,6
75+,R24,B4,Diesel,22,3
75+,R24,B4,Regular,62,3
75+,R24,B5,Diesel,65,1
75+,R24,B5,Regular,105,5
75+,R24,B6,Diesel,22,0
75+,R24,B6,Regular,98,2
75+,R25,B1,Diesel,6,1
75+,R25,B1,Regular,54,5
75+,R25,B11,Diesel,1,0
75+,R25,B11,Regular,4,1
75+,R25,B12,Diesel,5,0
75+,R25,B12,Regular,44,0
75+,R25,B13,Regular,2,0
75+,R25,B2,Diesel,17,2
75+,R25,B2,Regular,42,0
75+,R25,B3,Diesel,4,1
75+,R25,B3,Regular,10,0
75+,R25,B4,Diesel,8,1
75+,R25,B5,Regular,10,0
75+,R26,B1,Diesel,12,0
75+,R26,B1,Regular,18,1
75+,R26,B10,Diesel,2,0
75+,R26,B10,Regular,2,0
75+,R26,B12,Diesel,12,0
75+,R26,B12,Regular,19,1
75+,R26,B13,Diesel,1,0
75+,R26,B13,Regular,1,0
75+,R26,B14,Regular,5,1
75+,R26,B2,Diesel,10,1
75+,R26,B2,Regular,23,1
75+,R26,B3,Diesel,4,0
75+,R26,B3,Regular,1,0
75+,R26,B4,Regular,6,0
75+,R26,B5,Diesel,1,0
75+,R26,B5,Regular,15,0
75+,R26,B6,Diesel,4,0
75+,R26,B6,Regular,15,1
75+,R31,B1,Diesel,13,0
75+,R31,B1,Regular,38,5
75+,R31,B10,Diesel,4,1
75+,R31,B11,Regular,3,0
75+,R31,B12,Diesel,22,0
75+,R31,B12,Regular,67,1
75+,R31,B14,Regular,2,0
75+,R31,B2,Diesel,13,2
75+,R31,B2,Regular,45,1
75+,R31,B3,Diesel,9,1
75+,R31,B3,Regular,17,0
75+,R31,B4,Diesel,2,0
75+,R31,B5,Diesel,1,0
75+,R31,B5,Regular,13,2
75+,R31,B6,Regular,9,1
75+,R41,B1,Regular,71,3
75+,R41,B10,Diesel,2,1
75+,R41,B11,Regular,3,0
75+,R41,B12,Diesel,8,0
75+,R41,B12,Regular,49,2
75+,R41,B13,Diesel,1,0
75+,R41,B13,Regular,13,2
75+,R41,B14,Regular,7,0
75+,R41,B2,Diesel,22,1
75+,R41,B2,Regular,94,5
75+,R41,B3,Diesel,4,1
75+,R41,B3,Regular,17,1
75+,R41,B4,Diesel,5,1
75+,R41,B4,Regular,15,0
75+,R41,B5,Diesel,6,0
75+,R41,B5,Regular,53,6
75+,R41,B6,Regular,18,1
75+,R42,B1,Regular,8,0
75+,R42,B10,Diesel,2,0
75+,R42,B12,Diesel,1,2
75+,R42,B12,Regular,10,0
75+,R42,B14,Regular,1,0
75+,R42,B2,Diesel,5,0
75+,R42,B2,Regular,14,0
75+,R42,B3,Regular,3,0
75+,R42,B4,Regular,10,0
75+,R42,B5,Diesel,2,0
75+,R42,B6,Diesel,2,1
75+,R42,B6,Regular,4,0
75+,R43,B1,Regular,2,0
75+,R43,B12,Diesel,2,0
75+,R43,B12,Regular,4,0
75+,R43,B2,Diesel,1,0
75+,R43,B5,Regular,1,0
75+,R52,B1,Diesel,36,3
75+,R52,B1,Regular,191,6
75+,R52,B10,Diesel,7,2
75+,R52,B10,Regular,1,0
75+,R52,B11,Diesel,1,0
75+,R52,B11,Regular,7,0
75+,R52,B12,Diesel,17,3
75+,R52,B12,Regular,84,6
75+,R52,B13,Diesel,1,0
75+,R52,B13,Regular,4,0
75+,R52,B14,Diesel,1,0
75+,R52,B2,Diesel,47,1
75+,R52,B2,Regular,118,3
75+,R52,B3,Diesel,2,0
75+,R52,B3,Regular,14,0
75+,R52,B4,Regular,8,0
75+,R52,B5,Diesel,2,0
75+,R52,B5,Regular,24,1
75+,R52,B6,Diesel,2,1
75+,R52,B6,Regular,16,0
75+,R53,B1,Diesel,52,4
75+,R53,B1,Regular,275,5
75+,R53,B10,Diesel,13,0
75+,R53,B10,Regular,8,0
75+,R53,B11,Diesel,3,1
75+,R53,B11,Regular,8,0
75+,R53,B12,Diesel,10,0
75+,R53,B12,Regular,62,2
75+,R53,B13,Diesel,6,1
75+,R53,B13,Regular,10,0
75+,R53,B14,Regular,1,0
75+,R53,B2,Diesel,67,4
75+,R53,B2,Regular,225,12
75+,R53,B3,Diesel,24,0
75+,R53,B3,Regular,38,3
75+,R53,B4,Diesel,3,0
75+,R53,B4,Regular,41,4
75+,R53,B5,Diesel,6,0
75+,R53,B5,Regular,46,2
75+,R53,B6,Diesel,4,0
75+,R53,B6,Regular,27,1
75+,R54,B1,Diesel,22,0
75+,R54,B1,Regular,117,5
75+,R54,B10,Diesel,2,0
75+,R54,B10,Regular,2,0
75+,R54,B11,Diesel,1,0
75+,R54,B11,Regular,2,1
75+,R54,B12,Diesel,16,0
75+,R54,B12,Regular,60,2
75+,R54,B13,Diesel,1,0
75+,R54,B13,Regular,2,0
75+,R54,B14,Regular,3,0
75+,R54,B2,Diesel,53,1
75+,R54,B2,Regular,108,6
75+,R54,B3,Diesel,7,1
75+,R54,B3,Regular,13,1
75+,R54,B4,Diesel,2,0
75+,R54,B4,Regular,10,0
75+,R54,B5,Diesel,6,0
75+,R54,B5,Regular,20,3
75+,R54,B6,Diesel,1,0
75+,R54,B6,Regular,8,0
75+,R72,B1,Diesel,29,2
75+,R72,B1,Regular,64,1
75+,R72,B10,Diesel,8,0
75+,R72,B10,Regular,3,0
75+,R72,B11,Diesel,6,1
75+,R72,B11,Regular,7,0
75+,R72,B12,Diesel,51,2
75+,R72,B12,Regular,174,2
75+,R72,B13,Regular,15,1
75+,R72,B14,Diesel,2,0
75+,R72,B14,Regular,9,1
75+,R72,B2,Diesel,81,2
75+,R72,B2,Regular,150,14
75+,R72,B3,Diesel,3,0
75+,R72,B3,Regular,24,2
75+,R72,B4,Diesel,8,0
75+,R72,B4,Regular,17,1
75+,R72,B5,Diesel,4,1
75+,R72,B5,Regular,25,2
75+,R72,B6,Regular,31,2
75+,R73,B1,Diesel,3,1
75+,R73,B1,Regular,36,2
75+,R73,B10,Diesel,7,0
75+,R73,B12,Diesel,47,1
75+,R73,B12,Regular,118,0
75+,R73,B14,Regular,1,0
75+,R73,B2,Diesel,11,0
75+,R73,B2,Regular,43,0
75+,R73,B3,Diesel,1,0
75+,R73,B3,Regular,3,0
75+,R73,B4,Diesel,5,0
75+,R73,B4,Regular,3,0
75+,R73,B5,Regular,5,0
75+,R73,B6,Regular,2,0
75+,R74,B1,Diesel,12,0
75+,R74,B11,Regular,3,1
75+,R74,B12,Diesel,11,0
75+,R74,B12,Regular,6,0
75+,R74,B13,Regular,1,0
75+,R74,B2,Diesel,1,0
75+,R74,B2,Regular,1,0
75+,R74,B5,Regular,3,2
75+,R74,B6,Diesel,2,0
75+,R74,B6,Regular,4,0
75+,R82,B1,Diesel,42,2
75+,R82,B1,Regular,266,18
75+,R82,B10,Diesel,10,0
75+,R82,B10,Regular,10,1
75+,R82,B11,Diesel,6,0
75+,R82,B11,Regular,3,1
75+,R82,B12,Diesel,84,3
75+,R82,B12,Regular,198,10
75+,R82,B13,Diesel,9,1
75+,R82,B13,Regular,20,3
75+,R82,B14,Regular,8,1
75+,R82,B2,Diesel,131,20
75+,R82,B2,Regular,284,24
75+,R82,B3,Diesel,3,0
75+,R82,B3,Regular,38,2
75+,R82,B4,Diesel,8,0
75+,R82,B4,Regular,32,1
75+,R82,B5,Diesel,10,2
75+,R82,B5,Regular,48,5
75+,R82,B6,Diesel,7,1
75+,R82,B6,Regular,43,3
75+,R83,B1,Diesel,2,0
75+,R83,B1,Regular,3,0
75+,R83,B12,Diesel,12,0
75+,R83,B12,Regular,26,3
75+,R83,B2,Diesel,3,0
75+,R83,B2,Regular,9,0
75+,R83,B3,Diesel,2,0
75+,R83,B3,Regular,2,0
75+,R83,B4,Diesel,2,0
75+,R83,B6,Diesel,1,0
75+,R91,B1,Diesel,23,2
75+,R91,B1,Regular,57,0
75+,R91,B10,Diesel,2,0
75+,R91,B11,Diesel,3,0
75+,R91,B11,Regular,3,0
75+,R91,B12,Diesel,95,2
75+,R91,B12,Regular,163,4
75+,R91,B13,Diesel,3,0
75+,R91,B13,Regular,2,0
75+,R91,B14,Regular,1,0
75+,R91,B2,Diesel,30,4
75+,R91,B2,Regular,76,3
75+,R91,B3,Diesel,14,0
75+,R91,B3,Regular,8,0
75+,R91,B4,Diesel,3,0
75+,R91,B4,Regular,9,0
75+,R91,B5,Diesel,10,0
75+,R91,B5,Regular,13,0
75+,R91,B6,Diesel,4,0
75+,R91,B6,Regular,31,2
75+,R93,B1,Diesel,51,1
75+,R93,B1,Regular,198,7
75+,R93,B10,Diesel,18,0
75+,R93,B10,Regular,16,0
75+,R93,B11,Diesel,3,0
75+,R93,B11,Regular,8,1
75+,R93,B12,Diesel,193,6
75+,R93,B12,Regular,687,16
75+,R93,B13,Regular,33,2
75+,R93,B14,Regular,5,1
75+,R93,B2,Diesel,96,3
75+,R93,B2,Regular,195,11
75+,R93,B3,Diesel,20,1
75+,R93,B3,Regular,42,4
75+,R93,B4,Diesel,12,0
75+,R93,B4,Regular,36,2
75+,R93,B5,Diesel,7,0
75+,R93,B5,Regular,34,0
75+,R93,B6,Diesel,16,0
75+,R93,B6,Regular,26,2
75+,R94,B1,Regular,5,0
75+,R94,B12,Diesel,15,0
75+,R94,B12,Regular,14,0
75+,R94,B3,Diesel,6,0
75+,R94,B3,Regular,2,0
75+,R94,B4,Regular,3,0
