model,feature,level_or_increment,reference,coefficient,increment,relativity
frequency,Area,A,C,-0.10808460734463689,1.0,0.8975516537557274
frequency,Area,B,C,-0.04707594181511425,1.0,0.9540149452127379
frequency,Area,C,C,0.0,1.0,1.0
frequency,Area,D,C,0.06960365881595464,1.0,1.0720831863188212
frequency,Area,E,C,0.09263775771490393,1.0,1.0970642602167748
frequency,Area,F,C,0.11135101037819183,1.0,1.117787192907513
frequency,VehBrand,B1,B1,0.0,1.0,1.0
frequency,VehBrand,B10,B1,0.010554649199666474,1.0,1.010610545993455
frequency,VehBrand,B11,B1,0.08530315597425953,1.0,1.0890471678149813
frequency,VehBrand,B12,B1,-0.2807244268291446,1.0,0.7552364297039776
frequency,VehBrand,B13,B1,-0.0070211142817145095,1.0,0.9930034761567476
frequency,VehBrand,B14,B1,-0.366041869764786,1.0,0.6934737650184641
frequency,VehBrand,B2,B1,-0.015460516119102046,1.0,0.984658384118577
frequency,VehBrand,B3,B1,0.012864505727532243,1.0,1.0129476094617977
frequency,VehBrand,B4,B1,0.019141729174202374,1.0,1.0193261066275443
frequency,VehBrand,B5,B1,0.014030075183101653,1.0,1.014128958593967
frequency,VehBrand,B6,B1,-0.000622097711546558,1.0,0.9993780957511151
frequency,VehGas,Diesel,Diesel,0.0,1.0,1.0
frequency,VehGas,Regular,Diesel,-0.17565801595485103,1.0,0.838904826352422
frequency,Region,R11,R24,0.04386812290313354,1.0,1.0448445547357461
frequency,Region,R21,R24,-0.024425388347570146,1.0,0.9758704975125657
frequency,Region,R22,R24,0.09982074055067137,1.0,1.104972823501152
frequency,Region,R23,R24,0.022383631765840815,1.0,1.0226360248917266
frequency,Region,R24,R24,0.0,1.0,1.0
frequency,Region,R25,R24,-0.008863883195631328,1.0,0.9911752852035504
frequency,Region,R26,R24,0.02396461853306218,1.0,1.0242540776377247
frequency,Region,R31,R24,0.038430919509378866,1.0,1.039178938887445
frequency,Region,R41,R24,-0.0972864924190191,1.0,0.907296035459272
frequency,Region,R42,R24,-0.05771773298279547,1.0,0.9439163462887826
frequency,Region,R43,R24,-0.03276707373088116,1.0,0.9677639509847151
frequency,Region,R52,R24,0.03990154301170215,1.0,1.0407083041427023
frequency,Region,R53,R24,-0.021394161376751694,1.0,0.9788330703315418
frequency,Region,R54,R24,0.015664379767245683,1.0,1.0157877092826342
frequency,Region,R72,R24,0.06856932163393477,1.0,1.0709748641052428
frequency,Region,R73,R24,-0.2396901336503675,1.0,0.7868716483391668
frequency,Region,R74,R24,0.33357425172378763,1.0,1.3959486942903305
frequency,Region,R82,R24,0.22280699236690515,1.0,1.2495793721028807
frequency,Region,R83,R24,-0.0002804337557134631,1.0,0.9997196055621568
frequency,Region,R91,R24,0.058350183289083105,1.0,1.0600861551761045
frequency,Region,R93,R24,0.1454312645465543,1.0,1.156538236669933
frequency,Region,R94,R24,-0.0381377965941869,1.0,0.9625802914662944
frequency,driver_age_band,18–24,35–44,0.01607282134009421,1.0,1.0162026839529783
frequency,driver_age_band,25–34,35–44,-0.24698570575487724,1.0,0.781151859427729
frequency,driver_age_band,35–44,35–44,0.0,1.0,1.0
frequency,driver_age_band,45–54,35–44,0.17462348341907777,1.0,1.1907977770875988
frequency,driver_age_band,55–64,35–44,0.057740008476366976,1.0,1.0594395146068638
frequency,driver_age_band,65–74,35–44,0.031138938584890606,1.0,1.0316288269790912
frequency,driver_age_band,75+,35–44,0.1775965065043139,1.0,1.194343314239085
frequency,vehicle_age_band,11–20,1–5,-0.17016183406860383,1.0,0.843528293933883
frequency,vehicle_age_band,1–5,1–5,0.0,1.0,1.0
frequency,vehicle_age_band,21+,1–5,-0.6506801963567288,1.0,0.521690803864939
frequency,vehicle_age_band,6–10,1–5,-0.013236140611966662,1.0,0.9868510718874998
frequency,vehicle_age_band,New,1–5,0.005132087904821266,1.0,1.005145279625321
frequency,vehicle_power_band,10,6,0.12720731387200498,1.0,1.1356524298810369
frequency,vehicle_power_band,11,6,0.2303119365596216,1.0,1.2589926745265527
frequency,vehicle_power_band,12,6,0.12807421606327388,1.0,1.1366373563167806
frequency,vehicle_power_band,4,6,-0.13330308331807583,1.0,0.8751997934496251
frequency,vehicle_power_band,5,6,-0.04667496642792003,1.0,0.9543975584288984
frequency,vehicle_power_band,6,6,0.0,1.0,1.0
frequency,vehicle_power_band,7,6,-0.04557816370765923,1.0,0.955444918535905
frequency,vehicle_power_band,8,6,0.0086025218819174,1.0,1.0086396299044824
frequency,vehicle_power_band,9,6,0.12702728740575875,1.0,1.135448000789077
frequency,bonus_malus_scaled,+10 bonus/malus points,continuous,2.629718963559295,0.1,1.3007901614943187
frequency,log_density,+1 log(1+density),continuous,0.038660281670159446,1.0,1.0394173145504395
severity,Area,A,C,0.3676163712106326,1.0,1.4442878622775046
severity,Area,B,C,0.27362198312526237,1.0,1.3147177228076994
severity,Area,C,C,0.0,1.0,1.0
severity,Area,D,C,-0.12881210103399332,1.0,0.8791391393623647
severity,Area,E,C,-0.319934707340205,1.0,0.7261964508235971
severity,Area,F,C,-0.5882681409138134,1.0,0.5552881332662668
severity,VehBrand,B1,B1,0.0,1.0,1.0
severity,VehBrand,B10,B1,-0.1509386737559137,1.0,0.8599004315059877
severity,VehBrand,B11,B1,0.05716224713908993,1.0,1.05882758820687
severity,VehBrand,B12,B1,0.09310656445190361,1.0,1.0975786919079855
severity,VehBrand,B13,B1,0.2816514030076409,1.0,1.3253166380573358
severity,VehBrand,B14,B1,-0.19084664686433975,1.0,0.8262592878887107
severity,VehBrand,B2,B1,0.05145273394165589,1.0,1.0527994234371227
severity,VehBrand,B3,B1,0.005130890014831713,1.0,1.0051440755725738
severity,VehBrand,B4,B1,0.2866564571959994,1.0,1.3319665473437146
severity,VehBrand,B5,B1,-0.0648650051605286,1.0,0.9371939711879547
severity,VehBrand,B6,B1,-0.2346952308242108,1.0,0.7908118279745006
severity,VehGas,Diesel,Diesel,0.0,1.0,1.0
severity,VehGas,Regular,Diesel,0.05671764049337493,1.0,1.0583569310608876
severity,Region,R11,R24,-0.2888648152556425,1.0,0.749113467270553
severity,Region,R21,R24,1.345394541500407,1.0,3.839701163247613
severity,Region,R22,R24,-0.4737198114718218,1.0,0.6226816963960025
severity,Region,R23,R24,-0.5076964254007048,1.0,0.6018804596503671
severity,Region,R24,R24,0.0,1.0,1.0
severity,Region,R25,R24,-0.09490792013366751,1.0,0.909456673261753
severity,Region,R26,R24,-0.25997585694783637,1.0,0.771070201566943
severity,Region,R31,R24,-0.26332943881342835,1.0,0.7684886856038498
severity,Region,R41,R24,-0.24829908623523417,1.0,0.7801265832595959
severity,Region,R42,R24,-0.532258682657051,1.0,0.5872769981392011
severity,Region,R43,R24,-0.30636628465290155,1.0,0.7361169417312123
severity,Region,R52,R24,-0.39110745660032986,1.0,0.6763074784321048
severity,Region,R53,R24,-0.15429692319902338,1.0,0.8570175148468077
severity,Region,R54,R24,-0.4960644552879946,1.0,0.6089223915398774
severity,Region,R72,R24,-0.28684170135211257,1.0,0.7506305432327975
severity,Region,R73,R24,-0.39232492621655307,1.0,0.6754845956449267
severity,Region,R74,R24,-0.49414613267477364,1.0,0.6100916222555656
severity,Region,R82,R24,-0.2612327457851167,1.0,0.7701016608393544
severity,Region,R83,R24,-0.569152955590333,1.0,0.5660046667959988
severity,Region,R91,R24,-0.17205547636805063,1.0,0.8419324645176234
severity,Region,R93,R24,-0.0530252776381807,1.0,0.9483560399784703
severity,Region,R94,R24,-0.4745612605435756,1.0,0.6221579618394522
severity,driver_age_band,18–24,35–44,0.8439880192347892,1.0,2.3256231374449845
severity,driver_age_band,25–34,35–44,0.053386629183535546,1.0,1.054837397211494
severity,driver_age_band,35–44,35–44,0.0,1.0,1.0
severity,driver_age_band,45–54,35–44,0.04699425065056504,1.0,1.0481159830772977
severity,driver_age_band,55–64,35–44,0.08104127117731191,1.0,1.0844156507538272
severity,driver_age_band,65–74,35–44,0.22963694089448225,1.0,1.258143146674869
severity,driver_age_band,75+,35–44,0.14024264808795567,1.0,1.1505529444608493
severity,vehicle_age_band,11–20,1–5,0.009266545134893521,1.0,1.0093096124900023
severity,vehicle_age_band,1–5,1–5,0.0,1.0,1.0
severity,vehicle_age_band,21+,1–5,0.07644243907101379,1.0,1.0794400549765488
severity,vehicle_age_band,6–10,1–5,-0.1375116992016726,1.0,0.8715241538006765
severity,vehicle_age_band,New,1–5,-0.012968360612881188,1.0,0.9871153662514203
severity,vehicle_power_band,10,6,0.09970835740777356,1.0,1.104848650160056
severity,vehicle_power_band,11,6,-0.1542768400221522,1.0,0.8570347266539733
severity,vehicle_power_band,12,6,0.24371993640279174,1.0,1.2759869229557372
severity,vehicle_power_band,4,6,-0.15010509435388253,1.0,0.8606175256294111
severity,vehicle_power_band,5,6,-0.26829259536881395,1.0,0.7646840053680118
severity,vehicle_power_band,6,6,0.0,1.0,1.0
severity,vehicle_power_band,7,6,-0.14684271334722232,1.0,0.8634297727155045
severity,vehicle_power_band,8,6,-0.12315084519249536,1.0,0.8841302856983074
severity,vehicle_power_band,9,6,0.4559649183519447,1.0,1.5776949956550383
severity,bonus_malus_scaled,+10 bonus/malus points,continuous,0.12276809742187283,0.1,1.0123524791133396
severity,log_density,+1 log(1+density),continuous,0.10674639520908157,1.0,1.1126520448067874
