observations,mean_fitted,mean_actual,mean_pearson,mean_deviance,mean_squared_pearson,mean_squared_deviance
798,1162.7993352240467,1518.2758270676693,0.30221744355164404,-0.13203597484926108,9.387499772115406,1.237163327573976
797,1344.4319462666951,1508.112496863237,0.12185667915452497,-0.2108937265276496,4.346845301382415,1.0068991219896228
797,1448.7566152551572,1481.2571016311165,0.02375559466110731,-0.32357475726079865,2.7641349334530028,1.0884802606732347
798,1532.7835034136647,1660.9814786967418,0.08498993837656686,-0.30189301186679546,5.376924109833127,1.1556276437898265
797,1603.8397999030315,1378.282835633626,-0.1392000984839491,-0.4417387481102933,1.7342178261587433,0.9909527028354828
797,1671.5245929324453,1675.809861982434,0.0026422460592672096,-0.38146237526956484,4.20432520315431,1.171982735054435
797,1737.4380698144962,1769.48626097867,0.018283960576773423,-0.4085551838336972,7.689883467273726,1.2638478336831829
797,1798.8318706338753,2092.2333124215806,0.1631252094507022,-0.3748114880549864,14.381020742880413,1.533983544511007
797,1861.6274783191668,1866.5233249686326,0.003202553124998968,-0.4034966505674562,4.461639659918006,1.2291524585089095
798,1929.979206248204,1810.5426942355891,-0.06071028793021195,-0.43276670814447676,4.861675814618733,1.1456242741030402
797,2008.800383210529,2100.1293851944793,0.046461180725122155,-0.49747028564911905,19.46040005441583,1.592897981776845
797,2089.7496834390186,1742.4044918444165,-0.1659095166411959,-0.5570547615719854,3.102929551216162,1.254001224445484
797,2176.59156770509,1982.2217440401505,-0.08813121295176114,-0.5861843002826672,13.499329988301968,1.5089566189246524
797,2272.0129366456185,1751.5405144291092,-0.23072148978788062,-0.6402679867994037,3.2419003922166922,1.3147351352027976
799,2386.534779851404,2842.3000375469337,0.18418252963344847,-0.6183572844486878,47.07803408000409,2.251253541141802
796,2529.876663156259,3408.009535175879,0.355099843135883,-0.617961801395382,63.617442972092576,2.6010808546328197
797,2728.430494671517,2113.153400250941,-0.22156072209881444,-0.7560084010848629,13.45250088095045,1.6581063843455743
797,3059.796879977391,2291.929849435383,-0.25104803969863815,-0.8561248350768943,11.387703206810366,1.8952120182532026
797,3731.2350188495657,2527.1053450439144,-0.3195516513851234,-0.9090686540108508,8.696847509011553,1.8890526066206161
798,5718.448727391835,9517.409486215538,0.17037576970458476,-1.1792372409638285,222.87275241296794,3.804140687251058
